user_id,full_name,username,email,phone,city,created_at
user_1,Lâm Hải Phạm,vujane ,john18@yahoo.com,03 3311387,Thành phố JohnPhường,06-19-2024 10:45:33
user_2,Duyên Dương ,maijohn ,cnguyen@gmail.com,+84-05-614 8970,JohnQuận,2024-05-26T15:34:05
user_3,Ánh Dương,jane90,johnvu@gmail.com,(01)222-0038,JaneThị xã,04/11/2024 07:51:52
user_4,Châu Hoàng,ivu,johnbui@gmail.com,+84-64-778 6364,JohnXã ,15/06/2024 06:02:58
user_5,Anh Phú Dương,imai,johnmai@gmail.com,+84-12-425089,JohnPhường,05-28-2024 08:23:20
user_6,Quý cô Hải Hoàng,nguyenjane,jane28@hotmail.com,+84 08 6812738,JaneThị xã,04-03-2024 08:58:17
user_7,Quý cô Duyên Bùi ,janetran,johndang@hotmail.com,(04)874-4731,JohnHuyện,19/05/2024 16:27:49
user_8,Xuân Vũ,hbui,jbui@yahoo.com,(04)094-4787,Thành phố JaneHuyện,09-11-2025 01:13:30
user_9,Khoa Đức Đặng,john17,enguyen@hotmail.com,+84-63-390719,JohnThành phố ,10-31-2023 07:47:51
user_10,Quý cô Nhật Vũ ,emai,maijohn@yahoo.com,07 3187766,JohnHuyện,2024-02-15T11:40:43
user_11,Chị Thảo Mai,jane57 ,tpham@yahoo.com,(01)579-9726,JaneQuận,03-01-2024 12:41:44
user_12,Ngọc Lê,dangjane,gle@gmail.com,04 1584 0244,JohnThị xã,21/04/2024 21:11:23
user_13,Nam Mai Bảo Lê,nguyenjane,ipham@yahoo.com,01 2018902,JaneThành phố,21/09/2024 01:02:31
user_14,Quang Trí Dương,dangjohn ,maijohn@hotmail.com,(05)989-8224,JohnThành phố,2024-11-24T18:14:41
user_15,Ngọc Bùi,jane42 ,tranjohn@yahoo.com,+84-91-441763,JaneThành phố,2025-09-20T14:33:07
user_16,Quý cô Thành Vũ,john44,pvu@hotmail.com,(08)293-0670,JaneHuyện,2025-02-04T05:56:07
user_17,Hưng Nguyễn,janemai ,hoangjohn@gmail.com,(07)435-5437,Huyện JohnXã,21/07/2024 00:26:28
user_18,Phúc Bùi,janebui,johndang@gmail.com,(03)600-9778,JaneThành phố ,06/11/2023 22:28:38
user_19,Châu Đức Nguyễn,tranjohn,vujane@yahoo.com,04 1771 2041,Thành phố JaneThị xã,08-21-2024 23:30:56
user_20,Chị Duyên Phạm,jane86 ,janepham@gmail.com,+84-40-606552,Quận JohnPhường,24/07/2024 14:01:41
user_21,Dũng Quang Đặng,john09,johnvu@hotmail.com,+84 47 8207681,Thị xã JohnThị xã ,02-19-2024 23:23:30
user_22,Phương Đức Đặng ,janebui ,john47@gmail.com,+84-85-901486,Quận JaneXã,02-12-2025 23:02:43
user_23,Chị Ngọc Lê,johndang ,john97@hotmail.com,04 8537 6103,JohnPhường,2023-12-24T06:57:52
user_24,Quang Lê,vujane ,jane82@hotmail.com,+84-50-697 1461,JaneXã,2024-10-31T14:13:45
user_25,Cô Lâm Nguyễn ,phamjohn,john42@yahoo.com,+84-12-296 1567,Thị xã JohnXã ,02-26-2025 09:23:52
user_26,Hà Tấn Hoàng ,vujohn ,jane65@yahoo.com,+84-02-316538,Quận JohnXã,2024-02-20T23:37:59
user_27,Phương Nguyễn,john63 ,janebui@yahoo.com,+84-60-808 9070,JohnThành phố,01/06/2025 16:19:45
user_28,Nhật Mai,lejohn,dangjane@hotmail.com,+84-92-901302,JaneHuyện,2024-09-15T18:19:37
user_29,Trọng Hoàng,nguyenjohn ,rnguyen@yahoo.com,+84 93 6459915,JaneHuyện,08-30-2024 18:53:02
user_30,Cô Linh Hoàng,janehoang,nguyenjane@hotmail.com,04 5445 2018,Thành phố JaneQuận,29/10/2023 01:17:11
user_31,Hạnh Trí Bùi,lejane,john73@gmail.com,+84 99 7277188,JohnHuyện,01-25-2024 09:05:53
user_32,Tùng Nguyễn,jane76 ,johndang@yahoo.com,(05)587-5486,JaneThị xã,10/01/2025 06:29:05
user_33,Quang Thị Đặng,jane87,yhoang@yahoo.com,(00) 7321 3651,JohnXã ,2025-02-07T01:44:39
user_34,Quý ông Nhiên Lê,johnbui,not_an_email,06 5288001,Huyện JaneThị xã,2024-05-20T15:39:21
user_35,Quang Mai,john62,tranjohn@gmail.com,+84 92 7559911,JaneQuận,23/03/2025 23:48:06
user_36,Hồng Trần,john82,uvu@hotmail.com,04 8696 1542,Huyện JaneQuận,05/11/2023 15:35:24
user_37,Anh Trần,dangjohn,tranjane@hotmail.com,+84 91 1220826,Thị xã JohnQuận ,2024-05-06T16:06:36
user_38,Trung Xuân Đặng ,tranjane,johnmai@gmail.com,(04)314-4908,Huyện JohnHuyện,10-09-2024 11:53:28
user_39,Nhật Mai Bảo Bùi,tranjohn ,john90@yahoo.com,(06) 1297 7970,Thành phố JaneQuận,03-17-2025 15:35:30
user_40,Bà Chi Vũ ,johnbui,ttran@yahoo.com,(00)853-0138,JohnQuận ,19/09/2024 22:29:03
user_41,Châu Thế Mai,janenguyen,john78@hotmail.com,+84-54-800122,Quận JohnHuyện ,2025-03-08T12:24:18
user_42,Anh Quang Vũ,idang,jane34@yahoo.com,09 7727623,JaneQuận,19/07/2025 06:27:42
user_43,Xuân Đặng,janemai,ddang@gmail.com,+84-73-710792,JohnThành phố ,2024-12-03T10:44:26
user_44,Vân Dương,qmai,jane98@yahoo.com,09 4810 1554,Thị xã JohnQuận,2025-05-25T13:58:39
user_45,Chị Xuân Vũ,johnnguyen,buijohn@yahoo.com,+84 73 5961600,JaneHuyện,12-23-2024 16:58:02
user_46,Quý ông Hoàng Bùi,jane56,johndang@yahoo.com,09 2587056,JohnHuyện,04/01/2024 22:52:08
user_47,Thành Đức Đặng,jane76 ,buijane@yahoo.com,+84-70-245226,Thị xã JaneThành phố,27/02/2024 11:39:24
user_48,Quý cô Lan Phạm,gnguyen,lejohn@gmail.com,+84-90-723249,Thị xã JohnThành phố ,2024-11-06T18:39:10
user_49,Thành Tấn Mai,janetran,buijane@yahoo.com,+84-76-292 5503,Thành phố JaneHuyện,03-20-2025 00:51:32
user_50,Hoàng Quang Nguyễn ,janedang,nguyenjane@hotmail.com,01 8314789,Thành phố JaneXã,06-30-2024 10:06:00
user_51,Chị Lâm Vũ,john92,bhoang@hotmail.com,(03) 7103 2036,JohnQuận,2025-05-03T03:24:00
user_52,Bà Lâm Đặng,lejohn,gduong@gmail.com,(02) 3078 8247,JohnHuyện,2023-12-20T14:41:08
user_53,Vũ Đức Vũ,jane14,buijane@gmail.com,+84-84-380794,Quận JaneXã,07-08-2025 21:52:48
user_54,Hải Hoàng,cle,john86@yahoo.com,(00)467-8679,Huyện JohnThành phố,04-02-2025 05:46:11
user_55,Phương Lê,janele,tranjane@yahoo.com,05 7072 4829,JohnPhường,02-21-2024 13:23:17
user_56,Nhiên Lê,yhoang,ohoang@hotmail.com,+84-86-937 0728,JohnPhường,08-17-2025 09:55:43
user_57,Cô Chi Nguyễn,janedang,buijane@hotmail.com,+84 14 4172196,Thị xã JaneThị xã ,2025-04-23T04:03:13
user_58,Bác Tùng Phạm ,johnpham,johnpham@gmail.com,+84-38-885565,JaneThị xã,03-14-2024 11:40:30
user_59,Quý cô Vi Trần,janehoang,johntran@gmail.com,+84 96 3471913,JanePhường,2024-12-29T15:28:48
user_60,Trọng Phạm ,johnmai,johnnguyen@gmail.com,+84-20-974 6728,Huyện JohnXã,08-06-2024 21:06:02
user_61,Cô Hồng Vũ,johnhoang,johnvu@yahoo.com,+84-66-444 7059,Quận JaneHuyện,09-21-2025 05:55:21
user_62,Hoàng Xuân Lê ,jane55 ,duongjane@yahoo.com,+84-94-306681,JohnPhường ,02-20-2024 07:19:46
user_63,Quang Mai Bảo Bùi,xbui,ybui@gmail.com,+84-78-096 6710,JanePhường,09-20-2025 14:44:42
user_64,Dũng Bùi,janepham,jane85@gmail.com,+84-31-454607,Quận JaneQuận,2025-06-17T11:53:59
user_65,Mai Bùi,rnguyen ,cpham@yahoo.com,+84 81 2056968,JohnHuyện,01-16-2025 08:02:02
user_66,Nhật Đức Phạm ,phamjohn,tranjohn@yahoo.com,(07) 3160 4289,JanePhường,05-01-2025 13:24:55
user_67,Vi Nguyễn,john61,jane21@yahoo.com,05 0741469,JaneThị xã,06/01/2025 01:12:16
user_68,Nhật Đức Dương,itran,janepham@hotmail.com,+84-45-839 2075,Huyện JaneHuyện,07-22-2025 05:35:13
user_69,Thành Mai,jane26,choang@hotmail.com,+84-04-318 4729,Quận JohnPhường,25/10/2024 19:08:02
user_70,Kim Mai Dương,janebui ,lejane@gmail.com,01 1320278,Quận JaneXã,06-05-2024 12:38:21
user_71,Lan Nguyễn,zbui,ctran@yahoo.com,+84-45-127346,Thị xã JaneQuận,15/05/2024 11:16:00
user_72,Mai Bùi,yhoang,enguyen@hotmail.com,(04)938-9861,Thị xã JaneThành phố,10/11/2023 06:41:17
user_73,Khoa Thế Vũ,hduong,phamjane@yahoo.com,+84-67-575 1646,Quận JohnThị xã ,2024-06-28T06:37:29
user_74,Cô Mai Phạm ,anguyen,duongjane@gmail.com,+84-44-304 1596,JohnQuận,27/12/2024 07:33:33
user_75,Hà Nguyễn,johntran,jane30@yahoo.com,+84-20-447143,JohnThành phố,03-06-2025 21:08:44
user_76,Quý ông Châu Mai,cvu,buijane@hotmail.com,(09)392-4913,JohnHuyện ,12-07-2024 04:47:06
user_77,Tú Đặng,john15,john04@gmail.com,(06) 0688 2739,JaneThành phố,06-23-2025 11:36:10
user_78,Chị Linh Vũ,dangjane,johnbui@hotmail.com,05 7631 9974,Quận JanePhường ,09/10/2023 16:54:40
user_79,Kim Hoàng ,fnguyen,john01@yahoo.com,+84-83-747 5651,Huyện JohnXã,09-01-2025 11:25:24
user_80,Quang Bảo Trần,johntran,rmai@hotmail.com,02 3996380,JaneHuyện,01/05/2024 11:09:28
user_81,Kim Vũ,jane87,johnvu@yahoo.com,(00) 9064 8958,JohnThành phố,02-16-2025 06:08:18
user_82,Quý cô Hương Trần,johntran,rvu@gmail.com,04 8110 9052,Quận JaneXã ,05/07/2024 11:14:08
user_83,Quý cô Lan Lê,jane33,john68@gmail.com,(03)374-1056,JohnThành phố,08-24-2025 09:10:58
user_84,Quang Hải Mai,janedang ,nguyenjane@yahoo.com,,Huyện JaneXã,11/07/2025 14:54:52
user_85,Bà Bảo Đặng,jane21 ,lejane@gmail.com,(00) 2699 5534,Thành phố JaneThành phố,04-12-2025 03:24:06
user_86,Tú Hoàng,qle,john85@hotmail.com,+84-52-456324,Quận JohnThị xã,25/12/2024 16:33:29
user_87,Bà Kim Phạm,jane93,jane53@yahoo.com,abcde,JohnQuận,01-25-2025 08:42:30
user_88,Khoa Văn Vũ,vujane,xmai@yahoo.com,(05)318-5818,Huyện JaneQuận,2024-07-27T21:04:42
user_89,Hoàng Dương,zpham ,mnguyen@yahoo.com,05 2192 5209,Huyện JaneQuận,12-28-2024 15:31:19
user_90,Hải Trần,wmai,lejane@hotmail.com,+84-07-648716,JaneThành phố,2024-01-29T07:26:51
user_91,Bà Dương Bùi,janenguyen,janeduong@hotmail.com,(05) 8109 6526,JaneQuận,26/07/2024 01:26:13
user_92,Anh Hưng Nguyễn,kduong ,duongjohn@hotmail.com,02 0046 5740,JohnXã,03/12/2024 06:05:15
user_93,Trung Phạm,uhoang,nguyenjohn@yahoo.com,(02)258-1332,Thị xã JaneXã,11-09-2024 10:24:10
user_94,Bà Hà Mai,duongjohn,john49@gmail.com,04 9486515,Thành phố JohnThành phố ,17/09/2025 05:55:27
user_95,Yến Dương ,john82,janebui@hotmail.com,07 1593 8414,JohnHuyện,2025-09-09T14:34:43
user_96,Nam Thị Hoàng,jane28 ,johnnguyen@hotmail.com,+84-63-505077,JohnThành phố,30/03/2024 15:05:08
user_97,Anh Xuân Hoàng,jane79,snguyen@yahoo.com,+84-11-420873,JanePhường,05/08/2024 13:16:03
user_98,Quý cô An Dương,janemai,jane32@gmail.com,+84-47-798 5138,Thành phố JaneXã,2025-02-09T13:17:40
user_99,Trọng Thế Đặng,lejohn,john59@hotmail.com,(05) 0335 6587,JaneThị xã,2024-08-17T15:08:56
user_100,Hải Mai Lê ,john40,johnle@gmail.com,+84 59 2459293,JohnQuận,08-03-2024 20:20:50
user_101,Bà Duyên Bùi,jane83,hoangjohn@hotmail.com,(03) 2413 8647,JohnThành phố,07-27-2025 15:29:43
user_102,Quý cô Phương Trần ,jane70 ,janele@gmail.com,09 8121476,JohnQuận ,2024-03-23T20:36:47
user_103,Trọng Thế Đặng ,tranjane,bbui@hotmail.com,08 7958150,JohnHuyện,01/02/2024 16:54:27
user_104,Chị Hải Lê,johnpham,jane82@yahoo.com,02 7934 5462,JaneQuận,2025-07-06T17:10:51
user_105,Chi Nguyễn,hoangjane ,jane52@hotmail.com,(02)025-7084,JohnHuyện,2025-02-05T16:59:37
user_106,Chị Hải Bùi,jane41,phamjane@yahoo.com,+84-54-976 5909,JohnThành phố,2025-05-26T21:52:22
user_107,Chị Nhật Phạm,jane20,yduong@gmail.com,03 8068 9455,JohnPhường ,12-22-2024 20:01:31
user_108,Vi Dương ,johnle,vujohn@hotmail.com,01 9223816,JohnXã,2024-01-20T00:03:31
user_109,Chị Hà Mai,lejane,bpham@gmail.com,+84-24-773996,Thị xã JaneThị xã,2025-03-02T23:35:58
user_110,Chị Hà Mai,nvu ,john80@yahoo.com,06 8624 4250,Thành phố JaneThành phố,04-23-2024 22:10:10
user_111,Chị Ánh Vũ,janele,lejane@hotmail.com,(03) 6542 8883,Thành phố JohnQuận,04-01-2025 13:25:39
user_112,Hạnh Quang Phạm,hoangjane ,jane00@gmail.com,(00) 9764 8800,JohnXã,2024-08-30T08:29:47
user_113,Thành Phạm,atran,jane08@gmail.com,09 3676 4196,JaneHuyện,10-24-2024 19:57:37
user_114,An Mai ,dangjohn ,johnduong@gmail.com,(09) 8248 2527,Thị xã JohnThành phố ,14/04/2025 14:57:32
user_115,Bà Bảo Bùi,jane11 ,nguyenjohn@hotmail.com,+84-88-713360,JaneHuyện,2024-04-20T22:09:13
user_116,Quý cô Thảo Dương,johntran,jane49@hotmail.com,+84 08 9678470,JaneThành phố,2025-09-14T14:12:19
user_117,Bảo Bùi ,johnduong,johndang@hotmail.com,08 1707945,Thị xã JohnPhường,03/01/2025 06:48:58
user_118,Thành Trí Hoàng,ale ,jane39@hotmail.com,(08)294-1810,Thành phố JohnHuyện,2025-01-30T01:08:16
user_119,Quý ông Huy Lê,johnle,johnnguyen@yahoo.com,+84-65-840873,Quận JaneQuận,2025-01-27T06:50:46
user_120,Anh Trung Phạm ,johnhoang,janehoang@hotmail.com,(04) 6106 3055,JaneHuyện,2025-08-03T01:03:57
user_121,Khoa Đức Hoàng,nguyenjohn,johnnguyen@hotmail.com,03 5769055,Thành phố JohnThị xã,2024-11-09T21:37:20
user_122,Nhiên Bảo Đặng,ple,johnvu@hotmail.com,03 0772 6322,JaneThị xã ,2025-05-11T15:20:02
user_123,Châu Vũ ,johntran,johntran@gmail.com,+84-49-197456,Huyện JohnHuyện,23/08/2024 16:09:57
user_124,Vũ Trần,jane73,kle@gmail.com,00 3762254,Huyện JohnThành phố,30/04/2024 06:52:34
user_125,Hải Hữu Đặng,janebui ,vujohn@yahoo.com,+84-02-703708,JohnThị xã,2024-04-15T22:47:19
user_126,Hưng Trần,johnnguyen ,maijohn@gmail.com,01 6948 0872,Huyện JaneThị xã,12-20-2023 23:18:58
user_127,Cô Hải Vũ,oduong ,dangjohn@hotmail.com,+84-92-541 3675,Thành phố JaneThị xã,07-16-2024 04:49:52
user_128,Bảo Nguyễn,john26,ohoang@gmail.com,00 3857 1799,Thị xã JohnPhường ,11-23-2023 00:06:11
user_129,Kim Thế Dương ,fpham,hoangjohn@gmail.com,+84-20-992163,JaneXã,03/03/2025 06:48:24
user_130,Nhật Quang Vũ,johnle,duongjane@gmail.com,(00)650-7934,JaneThành phố,27/03/2025 19:20:07
user_131,Tú Mai,john84,nnguyen@gmail.com,04 2737 7839,Huyện JohnQuận,05-20-2025 00:52:33
user_132,An Quang Đặng,janetran,phamjohn@yahoo.com,+84-56-853 6584,Thị xã JohnThành phố,2024-06-14T01:51:25
user_133,Khoa Dương,xmai,tranjane@hotmail.com,08 3487 6281,Quận JohnHuyện ,05/05/2024 17:34:38
user_134,Mai Dương,john00,dbui@hotmail.com,(00) 5428 6485,JohnThị xã,02/06/2025 12:25:02
user_135,Quý ông Anh Trần,dangjohn ,john27@hotmail.com,+84-37-627 6988,JaneThành phố ,19/08/2025 05:36:09
user_136,Ông Nhiên Mai,tranjohn ,johnmai@gmail.com,+84-19-147790,JaneXã,04-05-2025 22:15:07
user_137,Quang Vũ ,nguyenjohn,gtran@hotmail.com,(08) 3104 2470,Quận JaneQuận,03/02/2024 17:51:32
user_138,Phúc Bùi,vmai,john74@gmail.com,+84-90-523530,Thị xã JaneThành phố ,03-24-2024 02:24:26
user_139,Chị Dương Vũ,ile ,janebui@yahoo.com,(08) 0008 5309,Thành phố JaneXã,29/04/2024 01:42:45
user_140,Phương Đặng,janedang,jtran@gmail.com,(00)010-9757,Quận JaneThị xã,09-24-2024 22:59:38
user_141,Khoa Dương,janehoang,john73@yahoo.com,(07) 6502 4936,Quận JaneQuận,05/12/2024 03:45:44
user_142,Vi Lê,johnbui,duongjohn@hotmail.com,+84-14-954683,JohnThị xã,09-07-2024 14:57:27
user_143,Anh Thị Bùi,jane47 ,janele@yahoo.com,(05)4,Huyện JohnThành phố ,11/02/2024 16:45:52
user_144,Chị Thảo Lê,jane53,xmai@yahoo.com,+84-01-851768,Huyện JanePhường,14/05/2024 18:03:40
user_145,Phương Đức Nguyễn,johntran,tranjohn@yahoo.com,+84-89-029 3367,JohnQuận ,22/08/2024 16:54:09
user_146,Linh Phạm,jane63,hoangjane@hotmail.com,(04) 6963 2586,JaneThành phố,13/01/2025 02:17:44
user_147,Quý ông Nhiên Hoàng,jane74,johnle@hotmail.com,(02) 1184 5202,JanePhường,08-07-2025 04:55:12
user_148,Ông Huy Trần,jane27,maijohn@gmail.com,(02) 5807 3093,Thị xã JohnThành phố,08-05-2024 13:09:43
user_149,Ngọc Lê,jdang,jdang@gmail.com,+84-62-797 3415,JohnQuận,2025-01-15T18:50:16
user_150,Quý ông Tú Nguyễn ,shoang,nguyenjohn@yahoo.com,+84-46-317 6186,JohnPhường,01-10-2024 08:14:39
user_151,Kim Tấn Nguyễn,jane22,dangjohn@hotmail.com,+84 55 9557586,JohnThành phố ,02/10/2025 00:58:23
user_152,Ông Anh Mai,johnmai,jane90@yahoo.com,06 4475161,Thành phố JohnThành phố,07/01/2024 22:44:53
user_153,Dũng Văn Nguyễn,john90,john72@yahoo.com,06 0639 3686,JohnHuyện,14/09/2024 09:48:53
user_154,Bà Nhật Lê ,buijane,mmai@gmail.com,(05) 8777 9383,JaneXã,20/06/2025 18:28:21
user_155,Ông Tú Lê,janepham,johnnguyen@hotmail.com,(09)713-8893,Thành phố JohnQuận ,2024-04-01T06:11:35
user_156,Châu Mai Hoàng ,janedang ,johnnguyen@hotmail.com,+84 42 0975983,Huyện JaneHuyện,01/01/2024 09:54:24
user_157,Ngọc Đặng,jmai ,maijohn@gmail.com,(04) 2082 2021,JaneThành phố,06-10-2025 13:47:29
user_158,Bảo Thị Phạm ,johnhoang,rduong@hotmail.com,03 4011125,Thị xã JohnXã,09-21-2024 17:17:46
user_159,Quý cô Nhật Vũ,tnguyen,johnvu@gmail.com,+84-36-480767,Thị xã JohnThị xã,2025-07-25T08:04:36
user_160,Cô Bảo Bùi,johnle,bhoang@gmail.com,06 1545274,JohnHuyện,2024-12-09T02:41:51
user_161,Quý cô Yến Lê,lejane ,dangjohn@gmail.com,(05)294-3972,Quận JaneThị xã,27/02/2025 23:53:19
user_162,Xuân Đặng,lpham,wtran@yahoo.com,+84 10 9409768,Huyện JohnThành phố,21/07/2024 15:09:31
user_163,Chị Lâm Mai,hpham,lejane@gmail.com,(02)674-3577,Quận JaneQuận,17/08/2024 07:05:43
user_164,Ông Phúc Vũ,janedang,dangjohn@hotmail.com,+84 33 5333763,Thành phố JaneThị xã,23/12/2023 10:48:32
user_165,Cô Lan Đặng,vujane,emai@yahoo.com,+84 60 2735706,Thị xã JaneQuận,2024-08-16T07:34:31
user_166,Quý ông Thành Nguyễn,jane21,ihoang@gmail.com,07 8940 1225,Thị xã JohnQuận,01-01-2024 01:57:19
user_167,Hương Bùi,janeduong,tle@hotmail.com,+84-51-698 4486,Thành phố JohnHuyện ,12-07-2023 11:59:06
user_168,Ông Nhiên Phạm,jane95,tranjohn@yahoo.com,01 4767 1021,Thành phố JohnPhường ,2024-01-14T15:22:21
user_169,Bà Nhật Dương ,janevu,vmai@gmail.com,+84-93-135 2528,Huyện JohnThị xã,2024-02-10T20:56:53
user_170,Cô Yến Vũ ,eduong,johntran@yahoo.com,+84-26-639457,JohnThành phố,21/06/2025 12:31:01
user_171,Tú Vũ,nguyenjane,johnpham@gmail.com,+84 50 3564305,Thành phố JohnThành phố ,27/07/2024 09:28:28
user_172,Hoàng Mai,vujane,johntran@yahoo.com,+84-27-583 0199,JohnPhường,22/08/2024 00:15:45
user_173,An Lê,johnduong,cmai@yahoo.com,+84 35 5350515,Huyện JaneXã,10-10-2024 03:54:06
user_174,Bảo Mai Bảo Lê ,johntran,nguyenjohn@hotmail.com,,Thành phố JaneThị xã,2024-01-30T21:25:39
user_175,Hà Hữu Phạm ,khoang,lejohn@gmail.com,(08)945-3553,JohnThị xã,06-15-2024 18:09:03
user_176,Ông Hưng Nguyễn,johndang,mdang@yahoo.com,+84-46-410 3412,Quận JaneThị xã,05/07/2025 19:51:31
user_177,Anh Hải Mai,qdang,buijohn@gmail.com,+84 08 2778634,JohnThành phố,06/02/2025 17:03:43
user_178,Thảo Trần,buijane ,epham@hotmail.com,+84 40 7905750,,01-02-2025 17:03:20
user_179,Cô Lâm Mai,john91,tnguyen@yahoo.com,04 7854989,JohnPhường ,2024-11-08T09:01:15
user_180,Ông Hoàng Bùi,janele,johnhoang@hotmail.com,01 0900 7208,Huyện JohnThành phố ,2023-12-17T08:45:36
user_181,Kim Mai ,johnduong,john18@gmail.com,+84 00 9031945,Thị xã JohnPhường,21/04/2025 11:10:13
user_182,Kim Bảo Vũ,jane43,janehoang@hotmail.com,(03)708-6060,JohnQuận,25/06/2024 17:20:25
user_183,Vũ Thế Phạm ,john33,janehoang@gmail.com,02 5797 5282,JohnPhường ,10-01-2024 09:20:10
user_184,Quý cô Bảo Đặng,nguyenjane,not_an_email,(07)641-1082,Thành phố JanePhường,02/09/2024 20:34:35
user_185,Hạnh Phạm,johnhoang,tranjohn@yahoo.com,01 3297 4214,Thành phố JaneHuyện,11-07-2023 18:31:04
user_186,An Vũ ,johndang,johnduong@gmail.com,+84 73 4326215,JohnQuận,02-16-2025 02:21:36
user_187,Quý ông Nam Phạm ,choang,john26@gmail.com,(09) 1636 8397,Thị xã JohnHuyện,11/07/2024 09:13:38
user_188,Bà Phương Đặng,hoangjohn ,johnhoang@gmail.com,+84 44 7638824,JaneQuận,2025-02-25T00:29:27
user_189,Cô Yến Bùi ,rle ,johnbui@yahoo.com,02 8623 8115,JohnHuyện,2024-04-15T05:02:12
user_190,Phương Phú Hoàng,apham,imai@yahoo.com,+84-95-510 0844,JohnThành phố,2023-10-19T23:07:07
user_191,Minh Hữu Đặng,fhoang,maijohn@yahoo.com,03 4604 2143,Thành phố JohnHuyện,13/02/2024 21:17:48
user_192,Kim Nguyễn,hoangjohn,john94@yahoo.com,(04) 7212 9521,JaneQuận,06-08-2025 01:23:36
user_193,Cô Nhật Bùi ,john80,john36@yahoo.com,+84-07-158 0566,Thành phố JohnPhường,02/08/2025 15:36:37
user_194,Quang Trí Phạm ,johnnguyen,mle@hotmail.com,(09)401-4831,Thị xã JohnXã,09-18-2025 01:38:00
user_195,Huy Mai Bảo Bùi,janebui,john14@yahoo.com,05 1298 7722,Huyện JaneHuyện ,12-06-2023 18:44:28
user_196,Bà Thảo Dương,buijohn,vujane@gmail.com,(01)689-5734,JohnHuyện ,2024-02-23T04:21:04
user_197,Bà An Trần,john86 ,johntran@hotmail.com,+84-53-219883,Thị xã JaneHuyện,21/08/2024 13:42:43
user_198,Anh Quang Dương,hoangjohn,maijane@yahoo.com,+84-36-303 2721,Quận JaneHuyện,21/06/2025 13:24:59
user_199,Quang Quang Đặng,buijane,john05@hotmail.com,(04) 4220 0933,Thành phố JaneQuận,03-17-2025 13:06:59
user_200,Xuân Đặng,phamjohn,nguyenjane@yahoo.com,04 8818028,Thị xã JohnThị xã,2024-04-06T00:36:18
user_201,Bảo Nguyễn,janetran,johnpham@gmail.com,02 4448746,Huyện JaneHuyện,24/09/2025 15:13:53
user_202,Quý cô Yến Đặng ,zbui,jane87@gmail.com,02 4294211,Thành phố JohnThành phố,03-20-2025 19:14:38
user_203,Hồng Đặng ,john81 ,ctran@gmail.com,01 4865336,Thị xã JaneQuận,2023-12-24T13:39:11
user_204,Nhật Thế Phạm,yle,johnhoang@yahoo.com,+84-94-427 5454,JohnThành phố,11-06-2023 08:07:25
user_205,Phúc Dương,nguyenjane ,jane99@gmail.com,(06) 3180 5078,Quận JohnThị xã,29/08/2024 00:30:53
user_206,Minh Lê,johnvu ,janebui@hotmail.com,+84 27 0130840,JaneQuận,30/06/2024 23:23:30
user_207,Anh Quang Nguyễn,hpham,zmai@hotmail.com,02 0472 7760,Thành phố JohnThành phố,2024-05-06T16:25:21
user_208,Huy Trần,pduong,dangjohn@gmail.com,+84-96-917 2483,JohnPhường,28/03/2024 02:50:02
user_209,Bác Phúc Lê,johnvu,john41@gmail.com,+84-91-798 0606,JohnQuận ,26/03/2025 13:42:09
user_210,Hồng Trần,phamjohn,ybui@gmail.com,07 4806645,,2025-06-19T16:09:53
user_211,Xuân Bùi ,tranjane,tranjohn@gmail.com,(08) 3224 0083,Thị xã JanePhường ,2025-05-04T21:06:38
user_212,Cô Dương Đặng,johnpham ,buijohn@yahoo.com,(04) 6682 3621,JohnThị xã,02-11-2024 00:37:54
user_213,Phúc Hoàng ,xtran,jane17@hotmail.com,00 2852 4784,Thị xã JohnPhường,2025-01-07T04:47:57
user_214,Kim Lê ,ule,janevu@hotmail.com,123,JohnPhường,16/01/2024 15:59:59
user_215,Bảo Bùi,janebui,johndang@hotmail.com,(07) 8968 3325,JaneThị xã,2023-10-15T09:07:24
user_216,Chị Xuân Trần ,johnmai ,janele@gmail.com,04 6503933,Quận JohnPhường,2024-10-02T03:35:04
user_217,Bảo Thế Đặng,jane55,janehoang@gmail.com,(08) 3661 9185,JaneQuận,19/11/2023 12:57:03
user_218,Vi Trần,john76,nguyenjane@hotmail.com,123,JaneThị xã,2024-10-25T05:29:31
user_219,Thành Phạm,janevu ,rbui@hotmail.com,08 2386391,Huyện JohnHuyện ,2024-11-23T06:11:42
user_220,Ông Quang Đặng,jane00,jane70@gmail.com,+84-42-271 7601,Thành phố JohnPhường,2025-07-06T13:57:24
user_221,Cô Vân Lê ,john54,dnguyen@hotmail.com,+84 49 1831717,Quận JohnThị xã,13/05/2024 14:31:19
user_222,Minh Đức Vũ,janeduong,gbui@hotmail.com,(05)549-8816,JohnXã,07-21-2024 01:40:09
user_223,Bà An Hoàng,whoang,johntran@gmail.com,05 1670 5086,JaneQuận,2025-06-04T18:51:09
user_224,Ông Nam Hoàng,john29,johntran@yahoo.com,+84-89-865 3210,JohnThành phố,2024-01-12T16:26:13
user_225,Cô Khoa Trần,janehoang,johnnguyen@hotmail.com,01 6836 4685,JohnThành phố,07/01/2025 16:34:26
user_226,Quý cô Thảo Phạm,john92,xhoang@hotmail.com,+84 07 6514089,Thành phố JohnThành phố,08-08-2025 00:26:15
user_227,Thảo Dương,utran,john38@hotmail.com,+84 60 9533309,JaneHuyện,2024-05-26T20:16:10
user_228,Hồng Lê ,cvu,janepham@gmail.com,(09)645-4344,JohnThị xã,01-08-2024 00:32:14
user_229,Quý cô Thành Nguyễn,johnbui,jane89@hotmail.com,(03)899-3105,JohnThành phố,07/04/2024 02:33:38
user_230,Ngọc Đặng,fvu,buijane@yahoo.com,+84 05 2007698,JohnPhường,09/03/2025 00:19:06
user_231,Xuân Mai,nguyenjane,jane58@gmail.com,07 0381 9247,JohnPhường,2024-06-28T13:18:18
user_232,Quý cô Nhật Mai,jane70,npham@hotmail.com,(07)261-6141,JaneThị xã,05-19-2024 18:43:03
user_233,Vũ Mai Bảo Dương,itran,johnle@hotmail.com,+84 18 2610315,JohnThành phố ,2025-04-01T23:31:51
user_234,Bảo Hữu Lê,john47,john96@hotmail.com,07 6054648,JaneThành phố,2024-01-17T08:32:44
user_235,Hà Mai,xbui,jane91@yahoo.com,(06)108-4215,Huyện JohnHuyện,02-28-2025 14:38:20
user_236,Mai Đặng,jane07,janehoang@yahoo.com,123,JaneXã,2024-01-03T16:47:24
user_237,Lâm Mai,vduong,janele@yahoo.com,(01)381-4342,Huyện JohnPhường,02-12-2024 17:32:10
user_238,Mai Đặng,dangjohn,jane34@yahoo.com,(04)378-0893,Quận JohnHuyện,27/10/2023 14:37:21
user_239,Khoa Đức Đặng,jane77 ,jdang@gmail.com,02 0824754,Huyện JaneThị xã,14/07/2025 09:49:45
user_240,Cô Vi Hoàng,kbui ,johnbui@hotmail.com,+84-25-153 3979,JohnHuyện,2024-07-11T22:50:15
user_241,Yến Dương,john27 ,dangjane@gmail.com,09 8919948,JanePhường,03-14-2025 20:56:09
user_242,Thành Thế Dương,unguyen,john99@hotmail.com,08 4062 1409,JohnHuyện,11-16-2023 01:06:04
user_243,Trọng Hoàng,maijohn,pnguyen@hotmail.com,(03)166-7286,JaneThị xã,07/08/2025 05:10:35
user_244,Nhật Xuân Phạm,john26,johnmai@hotmail.com,00 6400390,JohnThành phố ,24/03/2024 02:54:53
user_245,Vũ Đức Hoàng,duongjohn,janeduong@hotmail.com,03 7960 1132,Thị xã JaneHuyện,2024-08-03T21:32:55
user_246,Yến Bùi,janedang,johnmai@gmail.com,+84-27-973993,Quận JaneThành phố ,2024-01-01T05:15:00
user_247,Cô Mai Bùi,janenguyen,jane73@hotmail.com,08 9312 4040,JanePhường,2023-12-16T10:22:39
user_248,Chị Ánh Phạm,phamjohn,johnmai@yahoo.com,(01)890-5229,JaneThị xã,02-02-2025 14:28:33
user_249,Hà Hữu Hoàng,buijohn,jane77@gmail.com,(00)160-4773,Huyện JaneHuyện ,2023-11-24T01:43:33
user_250,Quý cô Nhật Trần,lejane,knguyen@hotmail.com,123,Huyện JohnPhường,13/02/2025 13:12:54
user_251,Bà Yến Mai ,jane30 ,ybui@gmail.com,+84 01 5875072,Thành phố JaneXã,2023-12-28T20:45:49
user_252,Dũng Trí Trần,john38,john09@hotmail.com,,Thành phố JaneXã ,2025-07-16T12:56:32
user_253,Bà Lan Đặng,janevu,jane83@yahoo.com,(06)871-3914,JaneQuận ,30/03/2025 00:59:22
user_254,Nam Lê,johnle,sdang@gmail.com,+84-69-227953,Huyện JaneThị xã ,02-09-2025 09:57:25
user_255,Bà Kim Dương,dangjohn,janetran@gmail.com,03 7887 1802,JohnHuyện,2024-03-01T06:13:11
user_256,Hương Phạm ,janedang,hoangjohn@yahoo.com,+84 93 2126090,JohnXã,2024-11-25T07:27:59
user_257,Quý cô Thành Vũ ,ile,john98@yahoo.com,01 7910866,JohnHuyện ,16/11/2023 16:08:59
user_258,Hưng Bảo Lê,jane10,johnhoang@hotmail.com,08 9374096,JohnThành phố,07/09/2024 01:02:47
user_259,Chi Lê,vujane,lbui@hotmail.com,+84 61 2863079,JaneHuyện ,2024-07-29T14:41:21
user_260,Hoàng Trần ,john86,john39@gmail.com,+84-37-008 8937,Thị xã JohnPhường,12-25-2023 20:31:55
user_261,Nhật Nguyễn,fhoang ,hoangjohn@hotmail.com,(08)865-5260,JaneThành phố ,04-23-2025 15:41:15
user_262,Cô Thành Dương,john49,jane43@gmail.com,+84-60-839521,Thị xã JohnThành phố,2024-05-29T00:33:26
user_263,Chị Kim Dương,jane18 ,hoangjohn@gmail.com,01 4733257,Huyện JaneHuyện,03-23-2025 20:21:48
user_264,Minh Vũ ,buijohn,evu@yahoo.com,+84-28-271 6209,None ,06-23-2025 02:53:33
user_265,Chị Kim Nguyễn,phamjohn,maijohn@hotmail.com,(00)306-7218,Thị xã JaneQuận,07-15-2024 19:40:48
user_266,Quý ông Anh Vũ,john59 ,dnguyen@hotmail.com,+84-72-610 6596,Thị xã JohnThị xã ,2025-08-19T03:47:37
user_267,Hạnh Hữu Phạm ,pvu,johnbui@gmail.com,07 5821 2960,JohnThị xã,03/04/2024 16:57:32
user_268,Phương Quang Vũ,dangjohn,tranjane@hotmail.com,(03) 4990 0731,JohnXã,07-06-2024 12:24:58
user_269,Chị Mai Hoàng,nguyenjane,johntran@yahoo.com,+84 38 9540806,JaneQuận,03-16-2024 14:15:47
user_270,Trọng Bùi ,johnhoang,nguyenjohn@yahoo.com,(08) 0573 0072,JohnHuyện,2025-07-16T03:33:15
user_271,Thành Phú Trần,jane00,janele@yahoo.com,+84 09 7706623,,26/10/2024 00:38:27
user_272,Hưng Quang Phạm,tranjohn,john34@yahoo.com,+84 18 4650865,JohnXã,2025-09-22T21:31:15
user_273,Anh Trọng Nguyễn,cmai ,jane29@hotmail.com,(09) 8472 4668,Thị xã JohnThị xã,2024-07-13T22:41:55
user_274,Ngọc Vũ,janepham,jle@hotmail.com,+84 37 6026991,JanePhường,2023-10-19T21:02:54
user_275,Hồng Đặng,janehoang,johnnguyen@hotmail.com,+84-77-412953,JaneQuận ,23/11/2024 14:55:44
user_276,Quý cô Dương Bùi,john76 ,janenguyen@hotmail.com,+84-28-164 3112,JaneThành phố,2025-05-01T14:13:02
user_277,Nhật Mai Bảo Nguyễn ,hoangjane,johnhoang@hotmail.com,06 2804249,JaneHuyện,06-25-2025 08:30:30
user_278,Châu Lê ,johnduong,jane11@yahoo.com,123,JohnPhường,2024-10-03T18:50:32
user_279,Minh Phạm,mbui,rbui@yahoo.com,09 8627 6573,JohnPhường,2025-08-22T22:28:40
user_280,Quý cô Phương Phạm,mtran,cpham@hotmail.com,(08) 5209 1744,Thành phố JohnThành phố ,13/08/2025 13:11:58
user_281,Cô Xuân Phạm,phamjohn,fhoang@gmail.com,(01) 4924 8226,JaneHuyện ,2024-09-30T08:49:49
user_282,Khoa Dương,john88,fvu@gmail.com,(03) 0782 6856,JohnXã,2024-09-02T16:18:58
user_283,Ông Huy Dương ,duongjohn,dangjane@yahoo.com,+84 54 8157369,JohnXã,2025-10-05T05:56:24
user_284,Dương Vũ,john87,johndang@yahoo.com,(09)067-1263,JohnThị xã,06-03-2024 08:57:40
user_285,Vân Hoàng,cbui,buijohn@hotmail.com,(02)473-3723,Thị xã JaneHuyện,03/08/2024 22:21:40
user_286,Huy Mai,rvu,johnduong@hotmail.com,06 8091 8991,JohnThành phố ,2024-11-28T07:11:46
user_287,Minh Hoàng Đặng,janenguyen,tranjohn@gmail.com,+84-20-508 0922,JohnXã,2024-02-07T10:10:14
user_288,Quý cô Thảo Phạm,jane54,maijohn@yahoo.com,(02)810-3229,Quận JaneHuyện,05-26-2025 10:32:09
user_289,Chị Nhật Bùi,nguyenjohn,npham@hotmail.com,01 3570841,JaneHuyện,03/05/2024 03:15:58
user_290,Bà Khoa Hoàng,ytran,jpham@hotmail.com,+84-49-386 8625,JaneQuận ,18/06/2025 12:52:24
user_291,Khoa Dương,johnbui,hoangjohn@yahoo.com,(05) 1805 6569,Thành phố JaneThành phố ,05-03-2025 21:36:39
user_292,Hạnh Hải Vũ,johntran,jane72@hotmail.com,01 8208 5467,Huyện JohnQuận,26/03/2025 07:59:18
user_293,Bác Vũ Dương ,jane46 ,john06@yahoo.com,+84 95 0437795,Huyện JohnQuận ,07-15-2024 02:05:09
user_294,Bảo Thị Phạm,johntran,jane94@yahoo.com,+84-55-919996,Thành phố JaneThành phố,2025-05-04T05:53:45
user_295,Hạnh Trí Đặng,choang,johnbui@hotmail.com,01 0523 1262,Huyện JohnThành phố,18/12/2023 15:17:48
user_296,Lâm Thị Dương,phamjane,wpham@yahoo.com,+84-23-386598,Quận JohnQuận ,05/04/2025 02:11:43
user_297,Nhật Nguyễn,john93,janeduong@yahoo.com,+84-90-908 7065,JohnQuận,09/11/2024 02:34:49
user_298,Dương Vũ,hoangjane ,johntran@gmail.com,(06)451-6950,JohnThị xã,2025-05-18T20:44:18
user_299,Quý cô Ngọc Phạm,johnbui,john24@hotmail.com,+84-72-024 8945,Huyện JaneXã,09-01-2024 09:13:19
user_300,Bà Duyên Vũ ,ntran ,vujohn@hotmail.com,(06)236-6953,JaneThị xã,2025-06-01T14:06:37
user_301,Quý cô Duyên Phạm,jane22 ,john47@yahoo.com,(08) 3283 6677,JohnPhường,04-24-2025 18:14:57
user_302,Trọng Mai,yvu,john35@gmail.com,08 3862 6774,Thị xã JohnPhường,10-29-2023 21:09:23
user_303,Phương Nguyễn,johnvu ,buijohn@hotmail.com,+84-07-720845,JohnHuyện,23/02/2024 16:18:09
user_304,Hồng Hoàng,ebui,ytran@yahoo.com,+84-82-890 4706,JohnHuyện,04-19-2025 09:07:36
user_305,Chị Nhật Dương,buijohn ,janemai@yahoo.com,(04) 3646 5526,JohnThị xã,2024-10-10T19:56:57
user_306,Phúc Quang Nguyễn ,yduong,maijohn@hotmail.com,+84-91-474121,,2024-06-08T06:59:54
user_307,Nhật Hoàng Đặng,tranjane,ivu@yahoo.com,+84-21-500084,Quận JaneThành phố,20/01/2025 13:49:35
user_308,Huy Trí Mai ,phamjohn,janele@hotmail.com,02 2371472,Thành phố JaneThị xã,28/07/2025 02:03:21
user_309,Mai Dương,johnbui,tranjane@yahoo.com,+84 79 5654752,Quận JaneHuyện,2025-06-16T20:18:38
user_310,Phương Vũ ,duongjohn ,johnduong@gmail.com,+84-79-063 1157,Thành phố JohnXã,2024-06-17T19:12:00
user_311,Hưng Phạm,jane98,qbui@hotmail.com,+84-60-452044,JohnHuyện ,25/04/2024 00:36:44
user_312,Lâm Bảo Mai,mhoang,duongjohn@gmail.com,+84-95-429 6504,Quận JohnPhường ,2024-02-22T14:25:56
user_313,Anh Hưng Trần ,hoangjane,buijane@gmail.com,+84 87 4138804,Thị xã JohnPhường,14/04/2025 14:54:29
user_314,Bà Mai Đặng,duongjohn,itran@hotmail.com,+84 61 0568001,Huyện JaneThành phố,2025-02-15T05:55:45
user_315,Yến Nguyễn,vpham,cbui@gmail.com,(00)799-4945,Huyện JaneThành phố,2023-11-29T20:01:51
user_316,Trung Hữu Bùi,dangjane,maijane@gmail.com,+84-01-501721,JohnHuyện,08-26-2024 05:56:55
user_317,Tú Mai Bảo Bùi,pmai,john79@hotmail.com,04 6774 8556,JohnThành phố ,18/03/2025 16:47:09
user_318,Khoa Đức Hoàng ,hle,johnvu@hotmail.com,(00) 4305 9462,Huyện JaneXã ,03-09-2024 11:59:40
user_319,Duyên Phạm,janemai,john43@yahoo.com,09 1328477,Thị xã JaneXã,09-25-2025 02:30:04
user_320,Hải Hoàng,atran,duongjane@hotmail.com,,JohnThị xã ,2024-02-19T14:50:29
user_321,Anh Vũ,johnbui ,janedang@gmail.com,06 6212 1508,JohnThành phố,2025-01-11T02:36:22
user_322,Hải Phạm,jane85 ,john73@hotmail.com,+84 89 9696741,Huyện JanePhường,06/03/2024 21:23:28
user_323,Bảo Lê,johnhoang,janevu@gmail.com,(04) 9189 9419,Thành phố JaneXã,03-31-2024 14:32:52
user_324,Anh Thành Dương,buijane,johnduong@yahoo.com,+84-90-309 5163,Thành phố JohnXã,22/12/2024 05:08:53
user_325,Anh Bảo Đặng ,john98,john61@yahoo.com,(09) 4300 7398,JohnThị xã,2025-09-18T03:53:16
user_326,Cô Dương Trần ,lduong,john07@yahoo.com,+84 89 8143470,JaneHuyện ,2024-10-15T06:15:32
user_327,Nhật Trí Dương,jane90,jane63@yahoo.com,00 6138 3191,Quận JaneXã,2024-03-11T19:43:27
user_328,Dương Hoàng,jane78,enguyen@yahoo.com,(08) 8635 3060,Thị xã JohnQuận,2023-12-27T10:26:57
user_329,Bà Kim Lê,janenguyen ,wdang@gmail.com,+84-77-690 5109,JanePhường,01-18-2024 19:45:41
user_330,Phương Phạm,fmai,johnmai@gmail.com,+84-77-350 9526,Thành phố JohnXã,03/11/2024 22:35:13
user_331,Lan Đặng,gbui,phamjohn@hotmail.com,+84 50 3967662,Thành phố JohnPhường,08/12/2023 15:12:39
user_332,Dương Hoàng,jane32,john98@yahoo.com,+84-01-952 7206,JaneHuyện,2025-08-04T23:50:50
user_333,Cô Lâm Bùi,phamjane,tranjane@yahoo.com,00 8573 8075,Quận JohnXã,02/02/2024 02:48:13
user_334,Thành Phạm,dangjohn,jane07@gmail.com,07 8125814,JohnXã,08/07/2025 11:21:04
user_335,Trọng Bùi,svu,dbui@yahoo.com,(04)126-0194,JaneXã,08-23-2024 21:09:36
user_336,Cô Hương Vũ,johnvu,janevu@gmail.com,(04)322-9919,JaneXã ,03-04-2024 04:13:16
user_337,Chị Hương Đặng,lejohn ,duongjohn@hotmail.com,+84 50 8926586,JaneQuận ,03/08/2024 23:07:12
user_338,Khoa Hữu Đặng ,jane52,johnmai@hotmail.com,07 4606174,JohnPhường ,2024-04-13T14:05:08
user_339,Anh Phú Đặng,vujohn,duongjane@yahoo.com,abcde,JohnXã ,2025-05-03T07:09:07
user_340,Bác Châu Mai ,jane00,john17@hotmail.com,08 4404790,JaneThành phố,2024-09-09T22:04:08
user_341,Thành Dương,jane77,jane28@gmail.com,06 3198 9068,Thành phố JohnXã,2024-05-29T12:01:57
user_342,Bà Nhật Trần,rtran,janeduong@yahoo.com,(00)106-4853,JohnQuận,2025-04-16T05:06:48
user_343,Vi Hoàng,john69 ,vujohn@yahoo.com,(06)507-0140,Huyện JaneThành phố ,2023-10-14T04:27:51
user_344,Quý cô Chi Mai,npham,john41@gmail.com,04 4573440,Quận JohnXã,02-03-2024 19:02:37
user_345,Chị Thảo Trần,gpham ,john51@yahoo.com,05 0073 8335,Thành phố JaneXã,05-25-2024 16:47:14
user_346,Xuân Phạm,jane28,maijohn@gmail.com,+84-95-508489,Thành phố JohnQuận,2024-02-04T07:28:13
user_347,Kim Mai Bảo Mai ,sle ,jane70@yahoo.com,(01) 0603 3879,JohnHuyện ,17/09/2025 10:16:20
user_348,Phương Vũ,johnle,imai@hotmail.com,04 3908692,JaneHuyện,2023-12-28T22:17:27
user_349,Duyên Vũ,ebui,johnvu@yahoo.com,(00)709-8745,Thành phố JohnPhường,2023-12-04T06:18:25
user_350,Kim Tấn Vũ,buijohn,johnpham@yahoo.com,+84 29 7908873,JaneXã ,2023-12-22T00:22:33
user_351,Tùng Hoàng Dương ,vujohn ,johnhoang@hotmail.com,03 3243 5907,JohnPhường ,2024-04-02T02:21:06
user_352,Xuân Vũ,htran,shoang@yahoo.com,(01)693-4042,Thị xã JohnHuyện,05/11/2024 12:19:17
user_353,Cô Dương Vũ,dangjane,yhoang@hotmail.com,+84 51 1231343,JohnXã ,26/05/2025 12:36:47
user_354,Bà Thành Hoàng,lejohn,phamjane@hotmail.com,+84-51-285 5011,Thị xã JohnThành phố,09-29-2024 08:43:04
user_355,Chị Vân Bùi,johntran,phamjohn@hotmail.com,05 1629975,None ,01-12-2025 05:59:44
user_356,Hoàng Phú Đặng,uduong,john21@hotmail.com,05 8433498,JohnThị xã,10-02-2024 13:35:24
user_357,Quý ông Trung Bùi,john29 ,vtran@yahoo.com,+84-20-511052,Huyện JaneThị xã,05/06/2025 13:08:06
user_358,Thành Hoàng,johnduong ,jane73@yahoo.com,08 9868 7478,Thành phố JohnXã,2025-06-02T11:13:48
user_359,Chị Nhật Trần,lduong ,ele@gmail.com,+84-27-423 1616,JohnThị xã,09-26-2025 19:56:10
user_360,Tùng Thị Phạm,janetran,vbui@hotmail.com,+84-77-877572,JohnPhường ,25/08/2025 16:29:14
user_361,Tú Vũ,buijane,tranjohn@hotmail.com,(06)398-3856,Huyện JohnHuyện,27/04/2025 12:19:28
user_362,Anh Trí Phạm,janetran,tduong@yahoo.com,+84-4,JohnThị xã,2024-11-10T12:08:08
user_363,Kim Bùi,john71,johnle@yahoo.com,+84-22-848081,,10/04/2025 20:09:02
user_364,Bảo Mai Đặng,jane75 ,tmai@yahoo.com,09 9917 6466,JohnThị xã,17/12/2023 21:53:05
user_365,Dương Nguyễn,vujohn,janehoang@yahoo.com,(07) 0672 4772,JaneQuận,2023-10-14T07:09:47
user_366,Phương Xuân Dương,john50,janetran@gmail.com,,JaneHuyện,05/11/2024 10:41:06
user_367,Bà Xuân Nguyễn ,lejane,emai@yahoo.com,(02)728-7245,JaneXã,2024-02-22T04:08:56
user_368,Bà Mai Vũ,vujane,johnhoang@yahoo.com,+84-43-098 3096,Thị xã JohnThành phố,09-14-2025 05:13:40
user_369,Bác Quang Phạm,janemai,john31@yahoo.com,,Quận JaneHuyện ,06-21-2025 04:27:43
user_370,Quý cô Nhật Bùi ,jane50,johnmai@yahoo.com,+84-97-823143,JaneHuyện,2025-03-27T02:44:32
user_371,Lâm Nguyễn,dangjane,qle@gmail.com,+84-61-834 8578,JanePhường,2024-05-14T16:17:49
user_372,Trung Hoàng Bùi,johnvu,jane15@hotmail.com,+84-37-720262,JohnXã ,12-03-2024 18:14:16
user_373,Bà Xuân Vũ,john54 ,duongjohn@yahoo.com,+84-08-892909,JohnXã,01-17-2024 14:12:45
user_374,Châu Mai Bảo Bùi,hoangjohn,janehoang@gmail.com,+84-97-677 4763,JaneHuyện,05/08/2025 13:53:58
user_375,Thảo Vũ,jane84,johnmai@gmail.com,(09) 9631 3069,Thị xã JohnHuyện,05-30-2024 12:21:32
user_376,Hoàng Dương,dangjohn ,unguyen@gmail.com,+84 33 4896239,Thị xã JaneHuyện,2024-04-11T02:10:48
user_377,Ông Quang Dương ,john97,john65@gmail.com,+84 94 9831274,JohnQuận,2023-11-22T14:18:40
user_378,Châu Đức Dương,gle,jane56@yahoo.com,+84-92-741 1255,JaneXã,2025-03-16T17:15:59
user_379,Bà Ánh Hoàng,john43 ,maijane@gmail.com,(07)455-7572,JaneThành phố ,2024-03-20T00:28:53
user_380,Anh Minh Đặng,john26,maijohn@gmail.com,+84 13 0810177,JohnXã,2023-11-02T16:34:05
user_381,Quang Đặng,ihoang,tranjohn@yahoo.com,03 9603 0859,Thành phố JaneQuận,25/09/2025 03:14:02
user_382,Hạnh Hoàng Vũ,janeduong,janemai@yahoo.com,05 7160688,JaneThị xã,27/05/2024 23:21:33
user_383,Tú Trí Nguyễn,gbui,jane32@gmail.com,00 1588874,Thị xã JohnHuyện,2024-08-14T01:31:09
user_384,Bà Bảo Hoàng,duongjohn,cpham@yahoo.com,+84-74-337 3977,Thành phố JaneQuận,09/04/2025 10:55:57
user_385,Quý cô Thành Vũ,johnvu,john26@hotmail.com,09 3049513,Thành phố JaneXã,28/05/2025 17:28:43
user_386,Dũng Nguyễn,lejohn ,johnvu@yahoo.com,02 6087 9705,,2023-11-01T08:15:18
user_387,Ngọc Bùi,janeduong,janenguyen@gmail.com,04 6891025,Thị xã JaneThị xã ,03/05/2025 20:37:36
user_388,Châu Bùi,john32 ,johnpham@gmail.com,04 7608197,Thị xã JohnThành phố,2023-12-05T20:20:34
user_389,Tú Dương,johnduong ,fbui@yahoo.com,03 3606 6279,JanePhường,01/12/2024 18:56:46
user_390,Thành Hữu Mai ,vujohn,nguyenjane@gmail.com,05 5273749,Thị xã JohnThành phố,2024-03-10T17:59:20
user_391,Nam Bảo Vũ,hoangjohn,kmai@yahoo.com,+84 23 3438025,JohnThị xã,23/04/2024 13:38:33
user_392,Ông Thành Phạm,tranjohn,dmai@hotmail.com,01 2946241,Quận JaneThị xã,2024-06-04T13:34:51
user_393,An Dương ,buijane ,vujohn@yahoo.com,(01)050-6775,Thị xã JohnPhường,07-03-2024 22:28:51
user_394,Quý cô Thành Trần,janele ,johnle@hotmail.com,(00)483-4620,Thành phố JaneThị xã,01/10/2024 10:48:29
user_395,Lan Bùi,enguyen,john03@yahoo.com,+84-68-018958,Thị xã JaneThành phố,04-20-2024 08:57:17
user_396,Anh Phúc Mai ,buijohn,duongjohn@gmail.com,(06)379-3034,Huyện JohnThành phố,11-18-2024 03:49:48
user_397,An Vũ,jane10,ybui@yahoo.com,+84-47-325 6408,JohnThị xã ,2024-09-07T10:56:41
user_398,Khoa Bảo Nguyễn,lejohn,janevu@yahoo.com,+84 81 3008837,Thị xã JaneQuận,03-26-2024 22:42:24
user_399,Bà Hạnh Bùi,johnmai ,john25@hotmail.com,+84-95-126390,JohnQuận,02-19-2024 18:41:38
user_400,Khoa Lê,johndang,hoangjane@gmail.com,+84-27-006528,JaneThị xã,06/06/2024 09:56:57
user_401,Nhật Trí Hoàng,john69 ,hle@hotmail.com,05 4337011,Quận JohnHuyện ,04-19-2024 09:50:43
user_402,Chị Xuân Hoàng,janele,janebui@hotmail.com,04 4968982,JohnPhường,02/06/2025 20:49:33
user_403,Cô Linh Trần,duongjohn,jane91@gmail.com,(00) 0281 7933,JohnThành phố,15/11/2023 17:04:02
user_404,Bà Khoa Đặng ,john62,johnduong@hotmail.com,(06) 0823 6614,JaneThị xã ,03/05/2025 22:06:59
user_405,Ngọc Đặng,buijane,john53@hotmail.com,+84 34 1767684,JanePhường,04/03/2025 14:04:12
user_406,Cô Chi Phạm,john19,vujane@yahoo.com,+84 75 0228031,Quận JohnXã,10-26-2024 20:52:59
user_407,Anh Bảo Vũ,hoangjohn,john57@gmail.com,(03)940-6069,JohnXã ,21/07/2025 01:57:45
user_408,Cô Hồng Đặng,johnle,vujohn@hotmail.com,07 2678891,Quận JaneXã ,11-22-2023 07:55:20
user_409,Hoàng Lê ,johnbui,not_an_email,+84-93-525 1978,Thành phố JohnQuận,10-05-2024 04:10:32
user_410,Nhật Đặng,john41 ,vujane@yahoo.com,01 0393307,JaneThành phố ,08-22-2025 13:25:02
user_411,Lan Dương ,janetran,gvu@hotmail.com,(09)613-1535,Quận JaneQuận,2024-04-23T12:00:36
user_412,Quý cô Chi Dương,janedang,jmai@gmail.com,+84 85 6611378,JohnQuận,01-15-2025 15:29:46
user_413,Quý cô An Bùi,phamjohn,ldang@gmail.com,+84-92-478 4609,Thị xã JaneXã,01-09-2024 12:35:18
user_414,Hạnh Vũ ,janehoang,janevu@gmail.com,08 1799 9350,JaneXã,08-05-2024 01:16:36
user_415,Quý cô Yến Hoàng,maijane,kle@yahoo.com,+84-77-034751,Quận JaneThành phố,2024-04-18T05:40:05
user_416,Thành Dương ,john48,johnnguyen@hotmail.com,(08) 7261 9092,JaneXã,07-11-2024 03:22:28
user_417,Nam Phạm,janedang,janepham@yahoo.com,+84-14-113 4885,JohnThành phố,05-06-2024 05:40:31
user_418,Chị Yến Trần,tranjohn,nduong@yahoo.com,02 6423658,JohnThị xã,2023-12-11T09:24:04
user_419,Nhật Lê,jane67,johnbui@yahoo.com,+84-56-499 1883,Thành phố JaneHuyện,2025-01-15T14:46:57
user_420,Cô Hải Vũ,lejohn,wtran@gmail.com,(03) 7729 0811,Quận JaneThành phố,2023-10-30T06:36:35
user_421,Quý cô Lan Mai,lejane,jane93@yahoo.com,(03) 3456 1359,,06-27-2024 18:36:10
user_422,Nhật Lê,john21,maijane@hotmail.com,+84-25-617 1832,Thị xã JaneXã,06/02/2024 21:27:50
user_423,Dương Hoàng ,john93,jane25@yahoo.com,08 9923 5567,JohnHuyện,09-06-2025 23:14:26
user_424,Lâm Mai,john03,jane44@yahoo.com,+84-52-681 6822,Thành phố JaneHuyện ,05-04-2025 20:41:43
user_425,Ông Tú Nguyễn,janepham,dangjane@yahoo.com,+84-26-631435,Thành phố JaneXã,2025-08-20T14:25:04
user_426,Nhật Bùi,phamjane,buijohn@hotmail.com,07 3992214,JaneQuận,2025-08-13T01:29:42
user_427,Chi Dương,iduong,john24@hotmail.com,+84-24-242 4926,Thị xã JohnThành phố,2025-01-28T11:13:28
user_428,Bà Dương Nguyễn ,johndang ,smai@hotmail.com,08 3762 8791,JohnHuyện,02-26-2024 07:23:56
user_429,An Vũ,johntran,janenguyen@hotmail.com,+84 73 8676938,JanePhường,2025-01-12T14:58:27
user_430,Phúc Hoàng Dương ,jane76,janebui@yahoo.com,+84 14 7700048,Huyện JanePhường,05-04-2025 09:00:26
user_431,Bà Hồng Bùi,jane10,janeduong@yahoo.com,+84-95-867457,Thị xã JohnThành phố,2024-03-26T06:58:39
user_432,Trung Vũ,johnnguyen,vujohn@gmail.com,+84-92-361 5228,Quận JohnThành phố,17/10/2023 14:30:01
user_433,Dũng Lê,tranjane,jane40@yahoo.com,+84-00-100 6598,Quận JaneQuận ,2025-01-30T12:27:22
user_434,An Đặng ,jane65,john75@yahoo.com,+84 50 1357661,JohnPhường,04/02/2025 19:49:10
user_435,Bác Tú Hoàng ,maijane,lejohn@gmail.com,+84-28-087598,Huyện JaneThị xã,02/10/2025 02:10:24
user_436,Cô Vi Phạm,janemai,nguyenjohn@hotmail.com,(01) 9597 3688,JaneQuận,01-05-2024 08:12:24
user_437,Châu Tấn Bùi,sle,janenguyen@yahoo.com,(08) 3917 0865,Quận JohnHuyện ,2024-04-01T14:31:33
user_438,Huy Phạm,johnpham,buijohn@hotmail.com,+84 60 0467203,JaneThị xã,11-21-2023 17:55:23
user_439,Vi Lê,jane24,johnnguyen@yahoo.com,(08)915-3576,Thành phố JaneXã,12-09-2024 00:08:12
user_440,Chị Ánh Dương,johndang,mmai@gmail.com,(00) 6937 9652,Huyện JaneQuận,03-30-2025 13:22:46
user_441,Hải Tấn Hoàng ,buijane,zle@gmail.com,+84-45-773 3135,JanePhường ,09-18-2025 00:51:34
user_442,Quý cô Vân Đặng,johnle,mpham@gmail.com,(09)836-4866,JohnHuyện,01/01/2025 11:45:39
user_443,Bà Kim Trần,john46 ,john50@yahoo.com,07 1577 0850,JaneHuyện ,04-04-2025 09:58:46
user_444,Hạnh Đặng,jane45,maijane@hotmail.com,+84 03 8485270,Thị xã JanePhường,2025-07-05T02:40:13
user_445,Khoa Nguyễn,jane47,maijohn@hotmail.com,(01)647-7097,JaneHuyện,12/07/2024 02:29:34
user_446,Cô Hải Trần,john14,john55@yahoo.com,(05)482-5408,JaneHuyện,2024-07-28T00:23:47
user_447,Anh Dương ,johnvu,johnnguyen@hotmail.com,+84-17-750 5681,JaneThành phố ,23/02/2024 15:55:57
user_448,Huy Hoàng,janevu ,lhoang@gmail.com,06 2508 9618,JohnThị xã,04-08-2024 09:39:36
user_449,Bà Ngọc Phạm,vujane,johnhoang@yahoo.com,+84 16 3348812,JohnThành phố ,2025-03-16T17:40:21
user_450,Bà Lan Nguyễn,johndang,johntran@yahoo.com,+84 31 7298953,JaneThành phố,2023-11-03T01:36:59
user_451,Chị Lâm Bùi,hpham,uvu@gmail.com,(00)062-7481,JaneHuyện,12-20-2023 00:13:49
user_452,Chi Vũ,john12,gtran@hotmail.com,(04)654-6667,JaneThành phố,12-09-2024 15:07:49
user_453,Quang Mai,john26,duongjane@hotmail.com,+84 58 3525424,JaneXã,2025-06-27T04:40:16
user_454,Mai Đặng,mtran,eduong@hotmail.com,05 2412520,Thành phố JaneXã ,12-09-2024 09:02:40
user_455,Vi Phạm ,htran,upham@gmail.com,+84-90-936364,JohnXã,02/11/2023 15:20:46
user_456,Chị Linh Dương ,john20 ,johndang@gmail.com,+84 03 0984134,JaneThị xã,08-16-2024 23:33:57
user_457,Chị Mai Phạm,janebui ,phamjohn@hotmail.com,+84-28-326 4891,Quận JohnThành phố ,07-30-2024 00:47:57
user_458,Thành Trần ,rdang,phamjohn@yahoo.com,+84 46 5701093,Thị xã JaneXã,19/08/2024 12:44:51
user_459,Tú Mai Trần,jane63,jane88@gmail.com,+84-85-073 8651,Thành phố JaneThành phố,06-30-2024 04:15:56
user_460,Chị Thảo Đặng,cmai ,jane87@yahoo.com,+84-45-725 7417,Quận JaneHuyện ,2025-03-05T14:48:03
user_461,Vân Bùi,janeduong,ivuyahoo.com,(08)2,JanePhường,19/07/2024 06:40:29
user_462,Hải Thế Đặng,abui,vle@yahoo.com,(09) 2373 4227,Thành phố JohnPhường,2025-05-20T09:57:19
user_463,Dũng Nguyễn,hoangjohn,tranjane@hotmail.com,(04)822-0423,Thành phố JohnThị xã,28/10/2023 20:12:17
user_464,Thảo Dương,john51,john22@gmail.com,+84-01-825 8010,JaneHuyện,30/11/2024 06:03:50
user_465,Nhật Bùi,janele ,jane14@gmail.com,+84-49-512408,JohnHuyện,03-11-2024 05:11:19
user_466,Chị Vân Hoàng,hoangjohn,ybui@yahoo.com,01 5763627,JohnPhường,2025-08-29T21:13:55
user_467,Thảo Mai,lhoang,whoang@gmail.com,+84 08 4454145,Huyện JohnQuận ,26/11/2023 23:24:19
user_468,Bà Hải Vũ ,johnhoang,buijane@yahoo.com,+84-01-101 9429,JaneXã,10-22-2023 16:36:05
user_469,Dũng Mai Bảo Bùi,buijohn ,john86@gmail.com,+84 67 7305398,JaneThành phố,2024-03-26T05:36:20
user_470,Bà Ánh Nguyễn,janevu,hduong@hotmail.com,+84-20-279678,JaneQuận,05-12-2025 01:03:47
user_471,Nhật Đức Phạm ,jbui,johnle@yahoo.com,(07)636-4360,Huyện JaneHuyện ,08/03/2024 20:52:02
user_472,Quý ông Thành Đặng,ihoang,janedang@yahoo.com,+84-87-486 5868,Thành phố JohnThị xã ,2025-06-29T12:43:23
user_473,Chị Yến Vũ,johnnguyen,upham@gmail.com,00 4135 4792,Thành phố JohnPhường,09/02/2025 11:30:21
user_474,Quý cô Linh Dương,janetran,dangjohn@hotmail.com,09 4759 0236,Huyện JohnXã ,12-12-2023 03:48:13
user_475,Anh Nam Đặng,lhoang,johnmai@yahoo.com,+84-13-217762,Huyện JohnXã ,2023-10-08T14:10:27
user_476,Lâm Nguyễn,janeduong,johnmai@gmail.com,(04)305-3708,Thị xã JaneQuận,15/10/2023 08:24:33
user_477,Nhật Mai,jane43 ,jane68@gmail.com,(03)397-5083,JohnHuyện ,09-09-2025 03:08:47
user_478,Anh Bảo Phạm,janetran,wdang@gmail.com,05 2357033,Huyện JanePhường,13/05/2024 14:53:16
user_479,Chị Linh Nguyễn ,johnhoang,fdang@yahoo.com,+84-30-742 5330,JaneQuận,03-09-2024 19:48:20
user_480,Cô Nhật Mai,janenguyen,dangjohn@yahoo.com,(06) 4862 8007,Thành phố JohnThị xã,2025-06-05T15:41:30
user_481,Thành Đặng,gduong ,janele@hotmail.com,(00) 5655 8219,Huyện JaneThành phố,2023-11-08T13:39:20
user_482,Thành Nguyễn,tranjane ,maijohn@yahoo.com,01 1924 0273,JaneThị xã,03-07-2024 16:34:42
user_483,Hạnh Đặng,whoang,dangjohn@yahoo.com,+84-78-393309,Quận JohnPhường,09-16-2025 11:57:32
user_484,Minh Nguyễn,aduong,ile@yahoo.com,(03) 1155 5817,JaneHuyện,2024-04-14T19:00:57
user_485,Hưng Hải Trần,janenguyen,john20@gmail.com,05 2438315,Huyện JaneThành phố,03-05-2025 02:43:54
user_486,Huy Dương,jane65,vujohn@hotmail.com,(01)406-9563,Quận JaneHuyện,21/05/2024 07:54:19
user_487,Ông Tú Đặng,jane73,ttran@gmail.com,+84-04-062 7277,JohnThành phố,05-24-2024 18:53:35
user_488,Duyên Trần,buijane,john98@gmail.com,(02)452-2732,JaneQuận,02-21-2024 10:54:35
user_489,Quý ông Trọng Hoàng,pdang,johnvu@yahoo.com,+84 04 4341261,Quận JaneHuyện,2023-12-23T12:57:27
user_490,Hải Hữu Trần ,ymai,maijohn@gmail.com,+84-24-480 6396,Thành phố JohnThị xã ,07-06-2025 09:51:15
user_491,Khoa Quang Bùi,johnnguyen,john26@hotmail.com,+84-88-696877,Quận JohnQuận,08/08/2025 03:25:58
user_492,Anh Anh Trần,jane47,john19@gmail.com,(00) 5317 6400,JanePhường,2025-06-23T00:19:26
user_493,Hải Thị Phạm,janetran,duongjane@hotmail.com,+84-68-701999,JohnThành phố,2025-01-18T14:05:46
user_494,Hà Hoàng Phạm ,lejane,janebui@yahoo.com,08 3493 2011,Thị xã JaneHuyện,27/11/2024 11:15:48
user_495,Hà Hải Đặng,jane50 ,mpham@yahoo.com,(02)652-6970,Thị xã JohnXã ,2025-05-29T13:03:51
user_496,Cô Lan Đặng,tranjane,whoang@hotmail.com,08 0715 8907,JohnXã,2024-04-23T02:33:58
user_497,Huy Trần ,janevu ,nguyenjane@yahoo.com,(07)679-9337,Thành phố JohnThành phố,07-30-2025 14:32:22
user_498,Anh Vũ Phạm,obui,janevu@gmail.com,01 7410 5249,Huyện JohnXã ,06-12-2025 17:25:15
user_499,Bác Tùng Lê ,gbui,john97@gmail.com,01 8268 8766,Thị xã JaneHuyện,2024-10-05T16:06:14
user_500,Bác Dũng Lê ,phamjohn,unguyen@yahoo.com,+84-91-776215,Thị xã JohnThành phố,04/02/2025 03:09:00
user_501,Chị Vi Hoàng,johnduong,ktran@hotmail.com,08 0971 5513,Thành phố JohnHuyện ,2024-01-09T03:42:53
user_502,Tùng Đức Phạm,johnnguyen,john75@gmail.com,(05)456-1438,JaneThành phố,15/11/2024 10:13:25
user_503,Bà Hạnh Lê,jmai ,jane12@hotmail.com,06 3350627,Thành phố JaneThành phố,23/12/2023 05:20:03
user_504,Nhật Dương,john62,cbui@gmail.com,(01)850-2130,Huyện JohnXã,01-08-2025 11:41:19
user_505,Hưng Trần,johndang,johnvu@gmail.com,(07)626-2753,Thị xã JohnPhường,06-20-2024 23:37:56
user_506,Bà Hạnh Dương,janebui,nguyenjohn@hotmail.com,01 3365 2472,Thị xã JohnThị xã,04-03-2024 03:33:15
user_507,Hoàng Trí Vũ,bdang,janenguyen@yahoo.com,+84-74-176491,JohnQuận,2025-08-27T13:31:42
user_508,Mai Trần,jane45 ,yvu@hotmail.com,+84-63-210 4218,Thành phố JanePhường,2025-07-16T07:27:36
user_509,Bác Phúc Lê ,janepham,JANEDANG@YAHOO.COM,00 3639290,JohnThị xã ,2025-08-23T13:36:14
user_510,Ông Hoàng Phạm,vujohn,janepham@yahoo.com,(00) 2448 2152,Thị xã JaneHuyện,12-18-2023 20:38:20
user_511,Bảo Xuân Bùi,yle,janetran@hotmail.com,(07)883-0414,Thành phố JohnXã,23/08/2025 09:22:04
user_512,Nhật Mai Phạm,lejohn,sdang@hotmail.com,(04)405-2039,Quận JaneThành phố,03-24-2024 00:08:35
user_513,Quang Dương,htran,itran@yahoo.com,+84-22-933106,JaneXã,05/10/2025 22:30:19
user_514,Hà Hữu Mai ,jane24,tranjohn@hotmail.com,04 2225 4678,Thành phố JohnHuyện,2024-02-06T12:27:16
user_515,Quý ông Anh Mai,john71 ,janevu@hotmail.com,01 0032 2529,Quận JohnThị xã,04-12-2024 09:17:51
user_516,Bà Hồng Lê ,john67,janevu@hotmail.com,(05) 0262 3596,JanePhường ,03/03/2025 17:06:17
user_517,Chị Nhật Trần,janevu,johnvu@gmail.com,(01)584-9398,Huyện JohnQuận,04/12/2024 09:40:26
user_518,Chị Khoa Mai ,john40,udang@hotmail.com,+84-17-628987,Huyện JohnHuyện,04/04/2024 19:12:04
user_519,Khoa Hoàng Bùi ,hle,john01@gmail.com,+84 49 9513424,JaneQuận,2024-11-05T06:53:51
user_520,Cô Thảo Phạm,ndang,jmai@hotmail.com,+84 46 9577257,JaneXã,12-06-2024 05:36:00
user_521,Bảo Văn Lê,jane98 ,johnbui@yahoo.com,+84-62-131 5197,JaneThành phố,28/09/2024 21:51:19
user_522,Thành Xuân Trần,wnguyen,jane97@gmail.com,05 9264496,Thành phố JaneThành phố,16/03/2024 08:39:05
user_523,Quý cô Hồng Lê,john90,ldang@gmail.com,(06)053-7790,JohnXã ,08-31-2024 14:36:57
user_524,Hà Bùi ,nguyenjohn,john14@hotmail.com,08 3464 1506,JaneQuận,10-26-2024 07:42:00
user_525,Thành Hoàng Nguyễn,johnle,john47@hotmail.com,+84-91-151 3699,Thành phố JanePhường,2025-09-23T19:50:37
user_526,Nhật Phạm ,johnvu,jane56@gmail.com,(07) 0878 2114,JohnQuận,2025-03-27T09:25:14
user_527,Nhật Hữu Lê,utran ,edang@hotmail.com,01 5080 6667,Thành phố JaneXã ,09-12-2024 18:23:01
user_528,Hồng Trần,janevu,janeduong@hotmail.com,+84-46-039 2101,JaneHuyện,11-08-2023 16:20:03
user_529,Bà Hà Vũ ,jane58,nguyenjohn@hotmail.com,(03) 3105 9738,JohnHuyện,01-24-2024 12:20:27
user_530,Xuân Lê,john99 ,duongjane@hotmail.com,+84 60 9207645,JaneThành phố ,05-19-2025 07:43:50
user_531,Bà Hồng Dương,dmai,phamjane@hotmail.com,01 9903090,Thành phố JaneXã,01/03/2024 19:40:38
user_532,Quý cô Hồng Lê ,fmai ,zmai@gmail.com,05 5162 9992,JohnHuyện,28/09/2024 01:28:54
user_533,Hương Lê,janehoang ,xduong@yahoo.com,+84 21 9843763,JohnQuận,2025-05-25T06:01:54
user_534,Bảo Đức Hoàng,janenguyen,john87@hotmail.com,01 1407 4915,Huyện JohnPhường,10/03/2025 00:40:34
user_535,An Tấn Phạm,john62,jvu@yahoo.com,+84-40-193 0235,JaneQuận ,09-23-2024 12:49:13
user_536,Ánh Hoàng,john78,nguyenjane@hotmail.com,00 7254237,Thị xã JaneHuyện,01-28-2024 21:07:03
user_537,Nhật Đức Hoàng,otran,john26@yahoo.com,+84-16-165425,Quận JaneThành phố,09-02-2024 17:49:25
user_538,Trung Lê,johnpham ,dhoang@yahoo.com,07 2516 8632,JaneQuận,2025-06-13T22:04:29
user_539,Cô Ánh Mai,johnbui,johnduong@hotmail.com,+84-23-612473,Thị xã JohnThành phố ,2025-04-30T13:10:24
user_540,Cô Hải Trần,johnmai ,johnhoang@gmail.com,+84-04-176109,Thị xã JohnQuận,11-18-2023 04:41:17
user_541,Nhật Tấn Đặng,john29,bnguyen@gmail.com,+84-28-373079,JohnHuyện,03/06/2025 15:26:17
user_542,Anh Huy Vũ ,maijane,vujane@gmail.com,(01) 1672 9504,Thị xã JohnXã,21/02/2025 21:02:38
user_543,An Hoàng,dangjohn,nhoang@hotmail.com,+84-55-182 8645,JohnPhường,02/10/2024 07:25:48
user_544,Hưng Trí Phạm,nguyenjane,tranjohn@gmail.com,+84 75 1583939,Huyện JaneThành phố,10-25-2024 07:55:48
user_545,Trung Quang Dương ,knguyen,janele@yahoo.com,(07)381-9792,JaneThành phố ,05-05-2025 04:06:16
user_546,Chị Hạnh Bùi ,johnpham ,johntran@yahoo.com,+84 78 2553490,JohnXã,2023-12-23T02:35:25
user_547,Thành Trần ,johnpham,idang@yahoo.com,(09) 4929 4217,JaneXã,27/10/2024 10:00:48
user_548,Anh Bùi ,lhoang,jane34@gmail.com,(05) 5517 6590,Huyện JohnQuận,29/03/2025 10:16:05
user_549,Tú Đức Phạm,john86,hoangjane@hotmail.com,+84 57 3150229,Huyện JohnThành phố,16/06/2025 01:18:26
user_550,Hải Dương,vujane,janenguyen@gmail.com,00 8365580,Quận JanePhường,16/10/2024 05:51:27
user_551,Hoàng Mai,jane41,jane91@gmail.com,03 0043 3572,Thành phố JaneHuyện,07-13-2025 04:56:13
user_552,Bảo Vũ,wtran,ytran@gmail.com,01 6941954,,10-18-2023 00:36:58
user_553,Dũng Phạm,janele,znguyen@gmail.com,(07) 2308 8511,JohnPhường,07/11/2024 21:01:57
user_554,Thành Hải Hoàng,dangjane,john90@yahoo.com,,Huyện JohnThị xã,09-05-2025 22:16:07
user_555,Vân Dương ,johnmai,vujohn@yahoo.com,05 9348494,JanePhường ,2024-07-27T17:51:45
user_556,Bác Bảo Dương ,buijane,hoangjane@hotmail.com,(05) 3229 5415,JohnQuận,2024-06-16T17:48:28
user_557,Hà Hữu Vũ,johnvu,tranjohn@hotmail.com,(09) 3211 3153,JaneXã,06/03/2024 17:46:22
user_558,Nhiên Mai,janele,johnhoang@gmail.com,+84-80-401064,Thị xã JanePhường,07-02-2025 05:34:34
user_559,Hồng Vũ,ohoang,ctran@yahoo.com,07 1096834,Huyện JohnHuyện,10-30-2024 21:48:44
user_560,Chị Hạnh Hoàng ,tranjane,john61@hotmail.com,(05)937-3165,Huyện JohnQuận,03-23-2024 11:42:56
user_561,Khoa Bảo Bùi,jane76,vdang@hotmail.com,03 6718581,Quận JaneHuyện,2025-04-15T14:15:48
user_562,An Dương,vujohn,tranjane@gmail.com,07 1625806,Quận JohnQuận ,31/12/2023 06:38:52
user_563,Lâm Mai Bùi,vujohn,john42@gmail.com,(00)556-1925,Thị xã JaneThành phố,08-08-2024 00:23:27
user_564,Linh Mai,janebui,nguyenjohn@hotmail.com,06 3162801,Thị xã JohnThành phố,2024-08-07T06:46:49
user_565,Bác Vũ Vũ ,jane51,gdang@yahoo.com,+84-53-926 0867,JohnPhường ,03-30-2025 11:26:19
user_566,Bà Duyên Nguyễn ,janevu,knguyen@gmail.com,(01) 0834 8073,Huyện JaneThành phố,11-01-2024 23:07:15
user_567,Kim Mai,jane66,janenguyen@gmail.com,+84-86-832722,Thành phố JaneThị xã,04-16-2024 03:08:52
user_568,Bác Hưng Bùi,john99,janeduong@gmail.com,(04) 5731 6435,Thành phố JaneQuận,28/01/2024 09:48:55
user_569,Huy Trí Lê,jane17 ,john73hotmail.com,(03)140-0692,JohnQuận ,2024-11-10T03:04:05
user_570,Chị Xuân Trần,gvu,janetran@gmail.com,(08)459-2562,JaneThị xã,02-03-2025 09:07:12
user_571,Khoa Vũ,janenguyen,duongjane@yahoo.com,+84-36-324786,Thành phố JaneThành phố,2025-03-30T22:40:24
user_572,Dũng Lê,john87,jane80@hotmail.com,06 0042833,Quận JaneThị xã,10/11/2023 17:58:58
user_573,Khoa Phạm,john13 ,jane10@hotmail.com,+84 37 2537528,Thị xã JaneQuận,20/07/2024 22:24:26
user_574,Lâm Mai Bảo Lê,johntran,janehoang@yahoo.com,+84-98-458102,Thị xã JaneHuyện,19/03/2025 03:07:22
user_575,Nhiên Đức Lê,nguyenjohn ,janevu@yahoo.com,+84-59-910 3840,Thành phố JohnQuận,03-10-2025 21:24:27
user_576,Bà Nhật Nguyễn ,buijane,hoangjohn@gmail.com,+84-53-481696,Quận JohnQuận,03-15-2024 01:38:00
user_577,Bà Nhật Phạm,johnnguyen,johntran@gmail.com,(04)740-5654,Thị xã JaneThị xã,02-06-2024 17:51:37
user_578,Khoa Thị Hoàng,johndang,etran@yahoo.com,+84-77-268 0764,JaneThị xã,14/01/2024 17:32:30
user_579,Khoa Bảo Trần,jane35,john62@yahoo.com,(08)641-5109,JohnThành phố,24/05/2024 08:49:15
user_580,Anh Vũ Hoàng,janebui,phamjane@hotmail.com,+84-69-514 9137,JohnHuyện ,24/03/2024 18:17:29
user_581,Bà Thảo Mai,mdang,duongjane@gmail.com,07 4504 9955,JaneThị xã ,2025-09-03T12:06:36
user_582,Chị Kim Bùi ,john50 ,dangjane@yahoo.com,00 4363881,JaneXã,2023-10-21T11:15:12
user_583,Cô Hà Hoàng ,nguyenjane,janevu@hotmail.com,+84-32-774 3038,JaneQuận,2025-01-04T21:18:50
user_584,Anh Thế Phạm,johntran,janebui@yahoo.com,05 6145556,JaneXã,09-13-2025 01:43:37
user_585,Ánh Phạm ,mhoang,jane63@hotmail.com,+84-83-335 5006,Quận JaneHuyện ,09-08-2025 04:55:00
user_586,Kim Trần,zmai,johntran@yahoo.com,,JohnHuyện,12-19-2023 15:01:36
user_587,Anh Quang Dương,janele,johnvu@gmail.com,(05) 9502 0394,JohnPhường,2024-08-03T10:55:20
user_588,Chị Lâm Dương,janedang,janele@yahoo.com,(03) 1868 8157,JaneThành phố,2025-02-03T03:49:41
user_589,Hưng Hoàng Trần,john84,janehoang@hotmail.com,+84 50 1993283,Thành phố JaneXã ,01-25-2025 11:16:36
user_590,Bà Thảo Đặng,john20,john08@hotmail.com,05 1185 9558,Huyện JaneThị xã,26/07/2024 20:49:20
user_591,Khoa Nguyễn,johnle,hoangjane@yahoo.com,(09)754-0415,Thành phố JaneHuyện ,01-25-2024 19:47:50
user_592,Hà Mai Lê,johnvu,aduong@hotmail.com,+84 43 4858178,JohnThành phố,29/04/2024 04:11:46
user_593,Bác Trọng Trần ,lejane,jane99@hotmail.com,(05) 1836 9802,JaneHuyện,2024-03-12T06:22:58
user_594,Hồng Trần,john39,janemai@gmail.com,05 2685 7015,JohnXã,2023-11-04T05:37:45
user_595,Quý cô Kim Vũ,janemai,janele@gmail.com,+84 94 8463073,Thị xã JohnQuận,10/10/2024 11:27:50
user_596,Quý ông Trung Mai,johnmai,qle@yahoo.com,03 7104 8163,Thành phố JaneThành phố,2024-05-07T14:55:01
user_597,Hưng Phú Đặng,johnle,tranjane@hotmail.com,(05) 3176 4039,JohnThị xã ,2024-06-27T23:14:02
user_598,Cô Hương Lê ,janebui,johnbui@hotmail.com,+84 79 3990893,Quận JaneThành phố,2024-05-21T00:54:21
user_599,Quý cô Khoa Phạm ,john13 ,johndang@hotmail.com,123,Thành phố JaneThành phố,10/04/2025 13:24:51
user_600,Nhật Tấn Lê ,jane82,janenguyen@hotmail.com,+84-16-209 4723,Quận JanePhường,03-17-2025 18:19:13
user_601,Ánh Bùi,duongjane,vujane@gmail.com,04 2947 7079,Thành phố JohnHuyện,24/10/2023 17:56:42
user_602,Bà Hà Bùi,hoangjohn,phamjane@gmail.com,+84 78 1426891,Thị xã JohnQuận,15/11/2023 22:40:50
user_603,Quý ông Tú Lê,john05,johnle@yahoo.com,(01) 5276 2860,JohnPhường,16/04/2025 16:45:22
user_604,Khoa Hữu Nguyễn ,janedang ,jane07@gmail.com,(08)344-3696,Thị xã JaneThành phố ,2024-08-08T15:21:18
user_605,Quang Hoàng,mhoang,hoangjane@hotmail.com,+84-96-805975,Thị xã JohnThị xã,02-14-2024 15:22:05
user_606,Kim Bảo Lê,john08,xpham@gmail.com,+84 25 8978262,Quận JanePhường,2024-12-03T12:20:17
user_607,Châu Trí Trần,jane38,john47@hotmail.com,+84 42 6949797,Thành phố JaneHuyện,2024-01-14T13:12:24
user_608,Ánh Trần,hvu,maijohn@gmail.com,+84 57 3658616,Thành phố JohnThành phố,03-03-2024 23:57:55
user_609,Quý cô Hà Phạm,fpham,janele@yahoo.com,+84-27-342277,Quận JaneThị xã ,2024-06-25T17:52:34
user_610,Quang Hữu Vũ,johnhoang ,dangjohn@yahoo.com,08 9409260,JohnThành phố ,01-29-2024 04:53:51
user_611,Ánh Bùi,duongjohn ,dangjane@hotmail.com,(00) 6267 3697,Thành phố JohnThị xã,2024-05-23T16:13:41
user_612,Ông Hoàng Trần ,janepham,jane10@yahoo.com,(07) 5494 0120,JaneXã ,2025-02-08T18:16:47
user_613,Vũ Bùi,john31,janele@gmail.com,00 4638679,Huyện JohnHuyện,2024-10-08T08:38:54
user_614,Quý cô Linh Nguyễn,hoangjohn ,jane45@yahoo.com,00 4628289,Thị xã JaneQuận,10/10/2024 09:19:58
user_615,Hạnh Phạm ,jane38 ,johnle@gmail.com,(04)445-7259,JaneQuận ,10-25-2024 10:58:49
user_616,An Hải Phạm ,maijane,jane63@gmail.com,(00) 9858 6881,Quận JanePhường,11-03-2024 03:04:30
user_617,Kim Văn Dương,johnmai,johndang@hotmail.com,+84 66 3302506,Thành phố JohnQuận,03-04-2025 14:22:33
user_618,Thành Mai,johnpham,gle@yahoo.com,(05)224-8769,JaneHuyện,10-06-2025 06:00:46
user_619,Tùng Thế Đặng,jane34,hoangjane@yahoo.com,05 5878217,Thị xã JohnXã,2025-09-24T02:31:14
user_620,Bảo Bảo Mai,kvu,lnguyen@gmail.com,123,Thị xã JanePhường ,2024-08-09T23:08:46
user_621,Ông Vũ Vũ ,johnmai,dangjane@hotmail.com,+84-08-404369,JaneQuận,05-25-2024 22:55:52
user_622,Dũng Đặng,hvu,vujohn@yahoo.com,02 9172 5837,Huyện JohnThị xã ,10-18-2024 11:48:59
user_623,Cô Duyên Bùi,janehoang,lejane@yahoo.com,(06)465-8216,Thành phố JaneXã,29/11/2024 21:39:04
user_624,Tú Bùi ,johnpham,janebui@gmail.com,(00) 3714 9949,JaneThành phố,05-04-2025 19:32:47
user_625,Quý ông Hưng Vũ,phamjohn,jane87@gmail.com,(06) 3322 8267,Quận JohnQuận,2025-03-29T13:37:25
user_626,Hưng Nguyễn,nguyenjohn,mhoang@yahoo.com,(09)503-1096,JaneQuận ,21/12/2024 13:31:52
user_627,Quý ông Tùng Dương,jane65,johnvu@hotmail.com,+84-77-578 6944,Thành phố JohnThị xã,2023-10-14T21:16:28
user_628,Lâm Phạm,jdang,tranjohn@gmail.com,07 5152 0301,JohnThành phố,02-20-2025 17:44:36
user_629,Kim Mai ,johnvu ,johnhoang@yahoo.com,+84-26-879 6012,JaneXã,02-06-2025 13:02:46
user_630,Tùng Văn Trần,jane68,jane22@hotmail.com,09 7121 0279,JohnThành phố,14/09/2025 22:26:06
user_631,Chị Thảo Đặng ,rvu,buijane@gmail.com,+84 30 0142238,Quận JaneHuyện,21/07/2025 15:36:40
user_632,Bà Thảo Hoàng ,john31,tranjane@gmail.com,09 4892767,Thị xã JohnPhường,2025-09-01T19:56:56
user_633,Quý cô Xuân Hoàng,duongjohn,john46@yahoo.com,123,JohnHuyện,16/08/2025 03:05:45
user_634,Chị Hương Trần,nguyenjohn,maijohn@yahoo.com,+84-03-538 5629,Quận JaneThị xã,06-27-2024 11:17:26
user_635,Minh Đức Vũ,ale,john17@yahoo.com,+84-07-446036,Huyện JohnThị xã,01/08/2025 05:36:14
user_636,Ông Hoàng Vũ,hoangjohn ,jane31@gmail.com,+84-62-141 2648,Huyện JohnHuyện,2024-05-12T11:01:09
user_637,Bác Quang Trần,lejane,john96@hotmail.com,+84-24-754 4426,Thị xã JanePhường,08/08/2025 08:32:48
user_638,Hưng Lê,john82 ,lejane@hotmail.com,,Huyện JohnThị xã ,15/08/2024 17:49:23
user_639,Vi Mai ,lejane ,kpham@gmail.com,(01) 9433 2280,JaneQuận,16/05/2024 04:30:13
user_640,Cô Thành Phạm,nguyenjohn,hoangjohn@hotmail.com,(04) 5924 6624,Huyện JaneQuận,10-12-2023 02:58:29
user_641,Mai Lê,janedang ,johnbui@gmail.com,(01)005-0308,Thành phố JaneThị xã,07-26-2025 11:31:01
user_642,Phúc Văn Hoàng ,john01,john19@yahoo.com,+84-39-872 1834,Thành phố JaneThành phố ,12-15-2023 17:52:47
user_643,Khoa Hải Hoàng,john03,janepham@yahoo.com,+84-94-495742,JanePhường,2024-10-11T20:33:55
user_644,Trung Xuân Hoàng,johnpham,dvu@yahoo.com,,Huyện JaneQuận,2025-09-09T22:02:15
user_645,Hương Hoàng ,pmai,janenguyen@hotmail.com,(00)304-0347,JaneThị xã,06-10-2024 12:25:00
user_646,Nhật Thị Bùi,ghoang,jane42@yahoo.com,05 2949 3055,JanePhường ,10-06-2025 12:00:53
user_647,Xuân Bùi,nhoang,john39@hotmail.com,(08) 3491 1949,Thị xã JaneThành phố,05-07-2024 01:36:36
user_648,Khoa Đức Hoàng,johnnguyen,john17@yahoo.com,(09) 3640 5711,JohnQuận ,2024-10-21T10:43:01
user_649,Huy Mai Bảo Nguyễn,johnvu,jane55@gmail.com,+84-59-964 9196,Thị xã JohnHuyện,10-24-2024 04:09:00
user_650,Bác Trung Trần,maijane,janedang@hotmail.com,(06)376-7621,JaneThị xã ,2025-04-26T02:00:29
user_651,Huy Phạm,lmai,janemai@gmail.com,+84 79 2303426,Quận JaneThành phố,2024-11-30T15:46:00
user_652,Bảo Nguyễn,ldang,ile@gmail.com,+84-07-326985,Thành phố JaneThành phố,18/02/2025 03:18:19
user_653,Nhật Phú Dương ,lduong,wnguyen@gmail.com,+84 23 0450717,JohnHuyện,2024-12-28T15:19:22
user_654,Thành Văn Vũ,jane49 ,gle@hotmail.com,+84-67-424971,Huyện JohnThị xã,12-31-2024 02:57:36
user_655,Phương Dương,jane97,jane73@yahoo.com,09 1352281,Quận JaneThị xã,04-19-2025 12:21:04
user_656,Quý cô Bảo Hoàng,john08,jane83@gmail.com,08 4197139,JohnThị xã,09-02-2024 00:24:31
user_657,Trọng Đức Lê,hnguyen,john82@gmail.com,+84-86-426958,JanePhường ,2024-03-30T23:17:34
user_658,Hương Bùi,janedang,zdang@gmail.com,06 0868 0141,JaneXã,04/01/2024 16:30:37
user_659,Nhật Hoàng,john94,ibui@gmail.com,+84-77-982269,Thành phố JohnHuyện ,2024-04-16T03:42:16
user_660,Hà Dương ,jane54,lejohn@hotmail.com,04 3185 3331,Quận JohnThị xã,2024-07-06T01:34:25
user_661,Cô Xuân Hoàng,tranjohn,maijane@yahoo.com,(07)0,Thành phố JohnQuận ,05-31-2025 18:25:32
user_662,Thành Đức Vũ,jane92,johnmai@hotmail.com,+84-93-228 3173,JaneThị xã,2025-08-09T00:16:58
user_663,Quý cô Thành Mai,bhoang,tranjane@gmail.com,(03)428-0239,JaneThị xã,2024-06-10T14:43:15
user_664,Bác Trọng Lê,nguyenjohn,jane19@gmail.com,(02) 7624 3953,Thành phố JohnXã,2024-11-18T18:13:39
user_665,Hương Trần,johnduong,vujane@yahoo.com,+84-69-910397,Huyện JaneThành phố,07-21-2024 03:10:09
user_666,Nam Đặng,jane44,jane40@yahoo.com,+84-92-121877,JaneHuyện,29/06/2025 01:30:12
user_667,Ông Nam Dương,johnduong,jpham@yahoo.com,+84-41-822 7296,JaneXã,03/05/2025 19:24:00
user_668,Bà An Lê,janebui,buijane@yahoo.com,(00) 0657 9335,Thị xã JohnThành phố,2025-05-10T13:20:09
user_669,Khoa Phú Bùi,nguyenjane,hoangjane@hotmail.com,08 8929 8026,JaneHuyện ,01/01/2024 15:15:32
user_670,Cô Ánh Lê,john04,jane48@hotmail.com,,Thành phố JaneQuận,23/11/2024 12:57:28
user_671,Tú Hoàng,janedang ,janele@gmail.com,08 3215 8726,JaneXã,02-01-2024 20:30:58
user_672,Hạnh Mai Bảo Vũ,johnduong ,janevu@hotmail.com,+84-09-443479,Quận JaneThành phố,09/05/2024 09:41:27
user_673,Minh Phú Lê ,hoangjohn ,john89@gmail.com,+84-92-268026,JohnThị xã,10-24-2024 07:23:26
user_674,Chị Lan Trần,janele ,tranjane@hotmail.com,+84 72 0344359,JaneXã,2025-07-30T08:02:43
user_675,Chị Hà Trần,janepham,john03@hotmail.com,(00) 9401 7097,JaneQuận,17/10/2024 09:18:57
user_676,An Trần ,ybui,dvu@hotmail.com,+84-76-796887,Thành phố JohnPhường,01-18-2025 19:50:59
user_677,Bà Nhật Lê ,john14,duongjohn@hotmail.com,04 8001 8435,Quận JohnThị xã,2024-03-18T09:03:57
user_678,Vũ Bùi,lejane ,johnle@hotmail.com,04 3569 1698,JohnXã,2025-01-16T12:28:36
user_679,Dũng Đặng ,johnvu,wvu@hotmail.com,+84 31 7384295,JaneHuyện,07-22-2025 05:07:25
user_680,Nhật Bùi,dangjohn,obui@gmail.com,+84 74 7491710,Thành phố JaneHuyện ,12-05-2024 11:32:07
user_681,Quý ông Khoa Dương,jane24,nduong@hotmail.com,09 2757512,Thị xã JohnThành phố,19/07/2024 07:14:06
user_682,Bà Xuân Mai,john44,lejohn@gmail.com,(04) 5263 5758,Thành phố JaneThị xã,06/05/2024 02:57:46
user_683,Xuân Đặng,vujane,buijane@yahoo.com,+84 30 1557101,Thị xã JaneThị xã,2024-12-30T19:53:53
user_684,Duyên Vũ,tranjohn ,jane55@hotmail.com,(03)932-4911,JohnPhường ,17/07/2024 14:02:17
user_685,Hoàng Thế Hoàng,janele,dnguyen@gmail.com,+84-47-721825,Thành phố JohnXã,01-19-2024 13:10:05
user_686,Kim Nguyễn,johnpham,lejohn@yahoo.com,08 4503 0592,Thành phố JohnXã,2024-07-12T05:34:41
user_687,Hồng Vũ ,john72,lejane@gmail.com,(08) 4379 8725,JohnHuyện,11-14-2024 17:02:23
user_688,Hải Hữu Mai ,jane44 ,nnguyen@gmail.com,(03) 7901 5196,JohnHuyện,07-29-2025 08:40:21
user_689,Hà Hữu Nguyễn,maijane,jane98@yahoo.com,+84-38-434307,Thành phố JohnPhường ,25/08/2024 09:50:44
user_690,Phúc Hoàng,johntran,johnnguyen@hotmail.com,+84-34-962514,JohnHuyện,2025-02-01T06:25:32
user_691,Bà Ngọc Vũ ,vnguyen ,bbui@gmail.com,02 2137785,JaneQuận,12-08-2024 05:48:20
user_692,Phúc Nguyễn,jane11,nbui@hotmail.com,06 9384 7708,Huyện JohnHuyện,2025-09-14T01:50:25
user_693,Ánh Lê,tranjohn,jane70@yahoo.com,(00)883-9840,JohnXã ,15/06/2025 20:20:22
user_694,Quang Thị Trần,maijane,johnhoang@yahoo.com,(02) 1814 6453,Huyện JaneHuyện,2025-04-17T12:55:06
user_695,Mai Lê,enguyen,jane55@yahoo.com,+84-63-557 7371,Quận JaneThành phố,03-21-2025 02:58:00
user_696,Hương Dương,phamjohn,johnhoang@hotmail.com,06 8853968,JaneQuận,11-09-2023 23:01:04
user_697,Hạnh Dương,janedang ,bnguyen@yahoo.com,01 1790 6863,JaneQuận ,12-05-2023 07:46:33
user_698,Chị Hải Bùi,johnnguyen,phamjane@yahoo.com,02 3342946,Quận JanePhường,04-16-2025 05:07:11
user_699,Yến Đặng,john86,pmai@yahoo.com,+84-97-846 7234,JohnPhường,06-22-2025 11:20:31
user_700,Chị Dương Hoàng,johnhoang,john72@hotmail.com,+84 77 0875346,Thành phố JohnPhường,2024-06-12T05:05:31
user_701,Hải Bùi ,johndang,fduong@hotmail.com,+84 54 1529146,Thành phố JaneHuyện,08/01/2025 13:34:04
user_702,Quý ông Nam Đặng,duongjohn ,phamjohn@gmail.com,+84-49-174318,JohnPhường,11/10/2023 18:36:25
user_703,Chị Hương Nguyễn,jane16,gvu@gmail.com,04 5943 7596,Quận JohnPhường,2024-05-10T04:29:48
user_704,Phương Quang Mai,nguyenjohn ,janedang@yahoo.com,(07)696-2356,JohnPhường,14/11/2023 03:36:49
user_705,Nam Lê,tmai,maijohn@yahoo.com,+84-28-204762,JaneQuận,2024-05-21T01:32:30
user_706,Hưng Mai,janehoang,ytran@yahoo.com,02 5999 6431,JohnThị xã,09-06-2024 11:03:02
user_707,Vũ Quang Bùi,rtran,janepham@hotmail.com,(01)303-3718,Quận JohnPhường,10-04-2025 07:30:52
user_708,Chị Duyên Đặng,johnduong,vujohn@yahoo.com,+84-82-090 9173,Thị xã JaneQuận,2024-05-06T20:42:23
user_709,Kim Mai Dương,lhoang,hnguyen@yahoo.com,+84-76-691720,Thị xã JohnThành phố,2024-08-27T08:31:04
user_710,Ông Vũ Mai,john34,buijohn@gmail.com,(05) 9886 7294,Quận JohnThị xã ,2024-10-04T04:15:44
user_711,Thành Bảo Dương,jane19,jane89@hotmail.com,+84-13-258143,JaneHuyện ,2025-06-04T13:27:07
user_712,Bảo Thị Phạm,jane15,john56@hotmail.com,(08) 0358 0954,Quận JohnHuyện,11-09-2024 10:18:09
user_713,Tú Mai Phạm,qhoang,jane50@gmail.com,(08)060-9129,Quận JaneXã,26/06/2024 23:33:38
user_714,Khoa Đức Phạm,jane92,jane69@yahoo.com,+84-10-421 7804,JohnHuyện ,25/03/2025 22:01:57
user_715,Mai Bùi ,dangjane,hoangjohn@yahoo.com,+84 99 2123116,Huyện JaneXã,06-05-2025 07:16:46
user_716,Quý cô Nhật Nguyễn ,maijane,xdang@yahoo.com,07 4233 6986,JohnHuyện,24/02/2024 09:51:43
user_717,Hương Nguyễn,kvu,johnvu@yahoo.com,04 6278 6029,Quận JaneQuận,29/10/2023 09:16:33
user_718,Quý cô Khoa Hoàng,janevu,wduong@hotmail.com,(07)159-9885,Thị xã JanePhường,2024-10-19T22:47:33
user_719,Hồng Hoàng,ttran,fdang@hotmail.com,(01) 4955 0233,JohnThị xã,22/10/2024 08:24:55
user_720,Vũ Đức Trần,john52 ,nguyenjane@yahoo.com,+84-74-545810,JohnThành phố,2024-09-16T10:00:15
user_721,Phương Tấn Mai,jane23,johnle@yahoo.com,(03)780-4779,JaneHuyện,14/10/2023 10:36:27
user_722,Bà Mai Trần,jane66,janevu@hotmail.com,+84 17 1799468,JohnHuyện,01-25-2025 19:20:08
user_723,Bác Huy Hoàng,tpham ,dangjane@yahoo.com,(00)205-0632,JaneThành phố,2024-09-30T01:55:17
user_724,Duyên Lê,johnvu,wtran@hotmail.com,(00) 0423 2310,Thị xã JohnHuyện,02-28-2024 04:24:35
user_725,Minh Hoàng Bùi,jane19,buijohn@hotmail.com,+84-47-168 7747,Quận JohnHuyện,14/07/2024 18:05:12
user_726,Anh Quang Phạm,johnmai,lejohn@gmail.com,+84 48 0755685,JanePhường ,2024-01-11T20:35:31
user_727,Cô Khoa Trần ,jane55 ,phamjane@yahoo.com,(04)101-4194,Thành phố JaneHuyện ,09-07-2024 03:37:55
user_728,Cô Bảo Hoàng ,dangjohn,john28@hotmail.com,(02) 0980 0544,JohnHuyện,15/02/2025 18:05:33
user_729,Quang Nguyễn,jane09 ,janetran@gmail.com,05 8861210,JohnPhường,09-02-2025 06:24:34
user_730,Nam Bùi,jane89,john01@gmail.com,(05)611-1402,Quận JaneHuyện,01-03-2025 05:41:03
user_731,Tùng Hữu Dương,tranjane,nguyenjane@gmail.com,(08) 3155 4939,JohnPhường ,18/06/2024 04:42:32
user_732,Bác Anh Nguyễn,phamjohn,jane96@gmail.com,+84-76-167806,Huyện JohnThành phố,2025-09-25T20:50:36
user_733,An Văn Hoàng,john96,johnvu@gmail.com,+84-84-622057,JaneQuận ,12-01-2024 05:28:43
user_734,Khoa Phạm,ydang,phamjane@yahoo.com,+84-2,Huyện JohnThị xã,2023-11-02T17:09:34
user_735,Hạnh Văn Mai,janele,janetran@yahoo.com,04 9507 3134,JohnThành phố,08-01-2025 11:32:07
user_736,An Phú Phạm,lvu,janeduong@gmail.com,abcde,JohnThành phố,2025-01-10T17:34:26
user_737,Chị Kim Mai ,rvu,lejane@yahoo.com,01 8448234,Thị xã JaneHuyện ,23/03/2025 15:18:16
user_738,Trung Thế Dương,john54,john28@gmail.com,+84 39 4924527,JaneHuyện ,06-18-2025 06:31:36
user_739,Trung Dương,john95,johnhoang@yahoo.com,(08)271-6623,JohnQuận,11/09/2024 04:12:48
user_740,Chị Phương Bùi,janevu,jane46@gmail.com,07 0652 4421,Thị xã JanePhường,17/01/2024 12:52:07
user_741,Quý cô Xuân Đặng,johntran,john54@hotmail.com,(08)946-6758,JaneThị xã,21/05/2024 17:33:11
user_742,Phương Đặng,janedang,johnbui@yahoo.com,+84-01-000 9648,JohnThị xã,2024-04-29T18:36:56
user_743,Minh Vũ ,hoangjane,johnvu@hotmail.com,+84-19-258367,Thành phố JanePhường,02-01-2024 14:04:50
user_744,Huy Phú Nguyễn,johndang,janeduong@hotmail.com,+84-41-619 1996,JaneHuyện,29/05/2024 03:42:33
user_745,Phương Phạm,omai,hoangjohn@gmail.com,00 6893055,JaneXã ,06-22-2024 03:46:42
user_746,Anh Quang Vũ,jane18,janetran@yahoo.com,+84-81-920 7720,JohnQuận,10/04/2025 12:51:42
user_747,Nhiên Hoàng,jane29,hpham@yahoo.com,(04)401-0365,JaneXã ,17/05/2024 23:37:33
user_748,Cô Vân Phạm ,gtran ,npham@yahoo.com,abcde,JohnPhường,13/05/2024 04:22:38
user_749,Trọng Lê,apham,eduong@gmail.com,(04)513-2081,JaneThị xã,26/10/2024 07:04:55
user_750,Phương Dương,dangjane,hvu@gmail.com,+84-54-011 5104,JanePhường ,2023-12-27T15:45:45
user_751,Chị Lan Bùi,jane36,janehoang@hotmail.com,+84 86 2099173,JohnXã,2024-08-20T00:28:01
user_752,Quý ông Minh Vũ ,jane33 ,omai@hotmail.com,+84-57-948 2594,JaneQuận,2023-11-28T07:04:36
user_753,Anh Nam Đặng,johnnguyen,john20@hotmail.com,+84-05-561 6595,Quận JohnThành phố,10/03/2025 14:21:52
user_754,Thảo Vũ ,janele,janebui@yahoo.com,(03) 1243 0638,Quận JaneHuyện,11/07/2024 19:35:36
user_755,Bác Trọng Bùi ,john68 ,johnduong@hotmail.com,(06) 8416 4074,Thành phố JaneQuận,2025-08-15T03:22:25
user_756,Thành Thế Phạm ,johnhoang,jtran@yahoo.com,04 5350070,JanePhường ,16/02/2025 22:57:13
user_757,Bác Vũ Mai,jane46,tranjane@yahoo.com,+84 46 4047882,Thị xã JohnQuận ,05-26-2025 08:13:57
user_758,Hải Đức Bùi,jane72 ,john36@hotmail.com,+84 61 5820165,JohnQuận ,01-01-2025 15:30:49
user_759,Ông Trọng Bùi,cle,not_an_email,(09)102-8562,Thị xã JohnPhường,24/03/2025 23:31:10
user_760,Lâm Đặng,emai,johnhoang@yahoo.com,+84 86 6444272,Huyện JohnXã ,2024-05-25T21:44:29
user_761,Quý cô Hương Dương,john85,johnduong@yahoo.com,00 9940 9046,JohnHuyện,04-03-2025 19:28:43
user_762,Lan Dương,john40,tnguyen@hotmail.com,05 2933224,Thành phố JohnThành phố,12/12/2024 13:10:50
user_763,Quý ông Khoa Trần,vujohn,jane30@hotmail.com,+84-83-702451,Thị xã JohnHuyện,10-18-2023 18:19:23
user_764,Anh Hải Bùi,john33,john38@yahoo.com,+84-60-497 8145,Huyện JohnPhường,05-09-2024 06:43:00
user_765,Minh Hữu Lê,janehoang,ztran@gmail.com,03 4017680,Quận JaneXã ,2025-06-18T14:43:09
user_766,Chị Hà Mai,ntran,jane34@yahoo.com,09 7576568,JanePhường,2025-09-18T04:09:36
user_767,Khoa Vũ,znguyen,johnle@hotmail.com,+84-43-289322,Thành phố JohnQuận,2025-09-11T07:02:08
user_768,Hạnh Vũ ,john56,vmai@gmail.com,+84-47-453239,JaneQuận,28/12/2023 10:09:18
user_769,Bà Hà Đặng,john98,jane69@gmail.com,+84-97-410973,Huyện JaneHuyện,2024-01-05T23:24:08
user_770,Phương Nguyễn ,vujohn,john65@hotmail.com,(04) 4120 0150,Thành phố JaneXã ,03-17-2025 10:23:22
user_771,Linh Vũ,bvu,janedang@hotmail.com,+84-56-110 8553,JaneQuận,03-07-2024 23:09:46
user_772,Quý cô Hồng Mai ,jane45 ,janetran@hotmail.com,+84-44-116459,JohnPhường,07-31-2025 17:40:14
user_773,Khoa Thế Bùi,johntran,ipham@yahoo.com,(08)716-6975,JohnHuyện ,2025-08-04T06:36:46
user_774,Ông Huy Bùi,ndang,ehoang@yahoo.com,05 0919139,Huyện JaneThành phố ,08/02/2025 06:28:14
user_775,Duyên Đặng,john80,bbui@yahoo.com,+84-90-950 1675,JohnXã ,2024-06-10T10:33:20
user_776,Hương Bùi ,john12 ,janenguyen@yahoo.com,+84-59-539 5695,JohnHuyện,16/11/2023 00:09:47
user_777,Chị Lâm Dương,tbui,rduong@hotmail.com,+84-63-699421,JaneHuyện,09-23-2024 14:18:45
user_778,Bà Yến Vũ ,hoangjohn ,phamjane@yahoo.com,+84-95-286400,Thành phố JaneThành phố,27/05/2024 23:06:39
user_779,Quý cô Hạnh Dương,john93,tranjane@gmail.com,(01) 0778 3954,Thị xã JaneQuận,11-18-2024 16:20:18
user_780,Minh Vũ ,vduong,dangjohn@hotmail.com,(09)011-5416,JaneThị xã ,2024-03-19T12:12:30
user_781,Bảo Bảo Mai ,janebui,john69@hotmail.com,+84-48-353 9232,JohnXã,2024-12-17T08:16:07
user_782,Thành Lê,yduong,jane94@gmail.com,(01)047-6239,JohnThị xã,2025-02-15T23:26:44
user_783,Anh Thị Trần,ehoang,johnnguyen@gmail.com,(05) 6577 7559,Thị xã JohnHuyện,19/09/2025 08:24:03
user_784,Hạnh Đức Bùi,johnhoang,johnhoang@yahoo.com,(03)708-6015,Huyện JaneHuyện,2025-05-16T05:33:01
user_785,Ngọc Nguyễn,jane64,duongjane@gmail.com,+84-34-471949,Thành phố JohnPhường,2024-05-03T17:41:57
user_786,Hoàng Nguyễn ,tbui,johnmai@yahoo.com,09 1223 5356,Thành phố JohnXã,02/08/2025 03:31:20
user_787,Bà Mai Phạm,maijohn ,janepham@hotmail.com,00 5534 2495,JohnQuận ,2025-05-03T20:54:24
user_788,Quang Trần,tvu,vujohn@yahoo.com,+84 32 7751830,JaneXã,2024-07-10T23:52:03
user_789,Quý cô Hạnh Trần,john83,phamjohn@yahoo.com,(05) 7714 5864,Quận JohnHuyện,2025-06-02T13:37:48
user_790,Nhật Bảo Hoàng ,johnbui,john28@gmail.com,(05) 2130 5331,JaneQuận,2023-11-12T00:58:32
user_791,Ánh Dương,john05 ,janetran@yahoo.com,08 9406945,JohnHuyện,11-25-2024 00:59:18
user_792,Chị Ngọc Lê,tnguyen,tranjane@yahoo.com,+84-07-155962,JohnThị xã ,2024-04-19T00:18:37
user_793,Chị Hạnh Trần,jane94,jane52@gmail.com,+84-41-950 2918,JohnThị xã,01/08/2025 10:43:51
user_794,Kim Đức Phạm,jane68,phamjane@hotmail.com,+84 53 7439094,JanePhường,10-16-2024 14:14:18
user_795,Phương Vũ ,john35,lejohn@hotmail.com,05 7967209,JaneQuận,07/04/2025 23:58:59
user_796,Trọng Thế Bùi,phamjohn,jane58@gmail.com,(02)748-8018,Thành phố JohnQuận,2024-01-21T01:07:22
user_797,Quý ông Phúc Lê,duongjane ,jane67@hotmail.com,+84 19 6732897,Quận JaneHuyện,2024-05-17T13:11:48
user_798,Tùng Vũ ,jane49,janedang@yahoo.com,+84 03 8831782,JaneHuyện,04/04/2025 07:00:11
user_799,An Nguyễn,phamjane,dangjohn@yahoo.com,(02) 7548 0335,JohnThành phố,2025-01-10T09:50:39
user_800,Nhật Đức Lê,tranjane ,janeduong@yahoo.com,(01)865-9193,JaneHuyện,10-31-2024 07:28:46
user_801,Lan Mai,janeduong,tduong@hotmail.com,+84-11-004972,Thị xã JaneHuyện,2024-04-18T07:58:15
user_802,Nhật Đức Trần ,jane30 ,maijohn@yahoo.com,01 7123 6218,Thị xã JohnHuyện ,2024-11-28T10:32:19
user_803,Quý cô Hải Trần ,john70,duongjane@hotmail.com,+84 34 1173126,JohnThị xã,10-14-2023 06:46:41
user_804,Bà Hương Đặng ,eduong,dangjohn@yahoo.com,(04)451-9450,Quận JaneQuận,10-02-2024 06:39:49
user_805,Hạnh Vũ ,johnvu,jane03@hotmail.com,+84 41 8884224,Thành phố JohnQuận,2023-11-22T17:07:08
user_806,Tú Trí Phạm,janenguyen,cnguyen@gmail.com,(09) 8749 5754,JaneHuyện,2024-02-06T12:08:02
user_807,Quý cô Hạnh Bùi,john66,maijohn@yahoo.com,(04)303-9634,Quận JohnPhường,2024-09-19T12:24:42
user_808,Vi Mai,john45 ,john53@gmail.com,06 2622 3828,JaneThành phố,2024-11-21T23:18:10
user_809,Khoa Tấn Vũ,buijane,maijohn@gmail.com,+84-94-918 3158,Quận JaneThị xã,06/01/2025 17:06:22
user_810,Phương Hoàng,ldang,janebui@gmail.com,+84-50-313841,JohnThị xã,08-11-2024 09:21:53
user_811,Quý ông Tú Hoàng,phamjane,johndang@yahoo.com,+84 61 9164180,JohnQuận,2024-07-31T00:05:17
user_812,Hồng Phạm,john88,janehoang@gmail.com,+84-19-573408,JohnPhường,2024-03-08T17:18:02
user_813,Hải Hoàng,buijane,bbui@yahoo.com,03 0311261,JaneXã,15/10/2024 11:36:51
user_814,Nhật Dương,ehoang,obui@gmail.com,07 1023 0942,JohnXã,27/12/2023 01:37:12
user_815,Vũ Trí Dương ,yvu,phamjane@hotmail.com,05 7333981,Huyện JohnHuyện,12-27-2024 19:05:43
user_816,Nhiên Bảo Trần,dangjohn ,buijane@gmail.com,+84-26-593 2285,JohnThành phố,09-28-2024 01:57:05
user_817,Ông Hoàng Bùi,janehoang,jane72@hotmail.com,+84 48 8439719,Quận JohnQuận,11-06-2023 15:56:52
user_818,Tú Thế Phạm,buijane ,gdang@hotmail.com,+84-89-759 4120,JohnHuyện,04-01-2025 09:34:09
user_819,Trung Đức Trần ,rbui,john89@hotmail.com,06 5029480,JohnHuyện,08-31-2025 05:04:51
user_820,Nhật Mai,bdang ,jane37@hotmail.com,+84-51-158 8101,Quận JohnQuận ,09-25-2024 10:21:03
user_821,Phương Mai Bảo Vũ ,jane20,john14@yahoo.com,(07)140-5022,JohnXã,2023-11-22T17:41:47
user_822,Vi Nguyễn,john57 ,johnvu@yahoo.com,01 6397805,Huyện JaneHuyện,05-08-2025 07:43:53
user_823,Vũ Hải Bùi,johnvu,janehoang@hotmail.com,+84-83-905 7337,Huyện JohnThị xã,2025-09-28T22:10:59
user_824,Quý ông Nhiên Phạm ,jane49,john97@gmail.com,(04)168-0379,JohnPhường,31/05/2025 00:57:19
user_825,Anh Quang Vũ ,john19,duongjane@yahoo.com,09 9226486,JohnThành phố,11-19-2023 14:31:35
user_826,Ông Nhiên Lê,john33 ,jane77@hotmail.com,+84 35 6451176,JanePhường ,03-12-2024 22:41:13
user_827,Ông Tú Hoàng,tranjohn,john83@hotmail.com,(05) 9575 8966,Huyện JaneHuyện,12/03/2025 23:38:42
user_828,Chị Hạnh Nguyễn,xdang,buijane@hotmail.com,01 7768470,Quận JohnThị xã,14/07/2024 20:53:42
user_829,Chị Lan Lê,john02,johnmai@gmail.com,(03)105-9975,JohnQuận,31/01/2025 07:08:04
user_830,Lan Hoàng,ibui,phamjane@yahoo.com,08 4595455,Thị xã JohnXã ,18/11/2023 20:29:33
user_831,Nhiên Đức Mai ,vduong ,janetran@gmail.com,+84-96-583334,JaneHuyện,11/04/2025 19:40:54
user_832,Khoa Mai,john39,janele@hotmail.com,(00) 9751 8306,Quận JohnPhường,02/01/2025 02:42:54
user_833,Cô Kim Hoàng,zdang ,janehoang@gmail.com,+84-94-793 2394,Quận JaneThành phố,08-26-2025 15:56:26
user_834,Quang Đức Trần,john24,janenguyen@hotmail.com,+84-05-514598,Quận JaneThành phố,2023-10-19T20:08:24
user_835,Bác Bảo Đặng,jane00,janeduong@gmail.com,(00)782-8688,JohnPhường ,02-20-2024 02:43:48
user_836,Nam Tấn Bùi,jane30,janepham@gmail.com,(06) 6725 1771,Thành phố JaneHuyện,2025-09-14T22:15:27
user_837,Cô Lâm Dương,johnnguyen,nguyenjane@yahoo.com,+84-78-987877,JohnThị xã,27/02/2025 23:15:04
user_838,Nhật Văn Hoàng,buijane,jane94@yahoo.com,08 3731 1975,JanePhường ,2025-07-31T18:41:16
user_839,Xuân Hoàng,phamjane,wpham@hotmail.com,+84-23-500214,Thị xã JaneQuận,29/10/2023 10:48:29
user_840,Lan Bùi,emai,jane02@gmail.com,08 8395870,Huyện JaneThành phố,12-07-2023 22:20:46
user_841,Lâm Hoàng,maijane ,nguyenjohn@gmail.com,+84-45-417 8589,JaneThị xã,09-17-2025 04:10:18
user_842,Anh Hưng Hoàng,john00 ,johnvu@hotmail.com,(03) 6402 0504,Thị xã JohnXã,08-31-2025 22:50:23
user_843,Thảo Dương,janenguyen,johnvu@yahoo.com,(07)599-9457,Quận JohnXã,2024-08-29T05:55:30
user_844,Bảo Bùi,buijohn,dangjane@hotmail.com,+84-48-756727,JohnHuyện,05/04/2024 05:41:08
user_845,Vân Trần ,john74,janevu@yahoo.com,+84-62-006609,JaneXã ,08-17-2024 18:16:23
user_846,Xuân Phạm,maijane,jane20@gmail.com,00 2130 8062,JohnQuận ,29/08/2025 09:35:12
user_847,Ông Trọng Mai,janenguyen ,john79@hotmail.com,+84-46-511334,JaneQuận,06-20-2024 20:26:54
user_848,Bà Lâm Lê,johnbui ,tranjane@hotmail.com,08 1545110,Huyện JohnThị xã,04-22-2024 01:03:47
user_849,Dũng Hữu Dương,johnmai,johnduong@gmail.com,(04)797-1233,JaneThị xã,2024-01-31T11:34:20
user_850,Thành Hải Hoàng,duongjohn,nguyenjohn@yahoo.com,(02)816-6801,Thị xã JaneXã,2025-04-15T06:15:09
user_851,Quý cô Vi Mai,jane91,tbui@gmail.com,+84-17-061 9860,JohnXã,09/09/2025 12:40:06
user_852,Quý cô Hương Phạm,vujohn,maijane@hotmail.com,+84 67 3437679,Thành phố JaneXã,21/03/2024 17:58:25
user_853,Mai Vũ ,johnduong,rtran@yahoo.com,(04) 9015 3419,JaneXã ,08-12-2024 06:32:11
user_854,Minh Đức Vũ,john39,johnmai@yahoo.com,(06) 6758 5758,Thị xã JanePhường,11/06/2024 19:43:43
user_855,Vũ Tấn Phạm,jane85,jane14@hotmail.com,(07)143-5346,JaneQuận,24/05/2025 08:03:40
user_856,Nhật Bùi,duongjane,lejohn@hotmail.com,(05) 3174 3603,Thành phố JohnThành phố,01-28-2024 03:38:39
user_857,Cô Lâm Đặng,john27,johntran@gmail.com,00 3823007,JaneQuận,11-27-2024 18:36:37
user_858,Bà Dương Trần,janedang,john36@gmail.com,+84 02 6047921,JaneThành phố,06/07/2025 10:36:14
user_859,Thành Phạm,vujane,janetran@hotmail.com,09 1879623,Thị xã JohnQuận,2025-08-13T19:12:14
user_860,Quang Trần,john97,nguyenjane@gmail.com,02 4315447,Huyện JohnPhường,10-09-2023 18:10:58
user_861,Bà Lan Dương,john84,smai@gmail.com,(07) 1146 7560,Huyện JohnThị xã,2023-11-05T22:20:44
user_862,Ông Quang Hoàng ,hoangjane,janepham@gmail.com,(03) 6520 9345,Thành phố JohnPhường,24/01/2024 19:07:28
user_863,Mai Mai,ple,john77@gmail.com,+84 06 2115739,Thành phố JohnThành phố,31/05/2025 16:19:21
user_864,Chị Khoa Đặng,tranjohn ,john37@yahoo.com,+8421,Quận JohnXã,08-22-2024 18:28:23
user_865,Anh Dương ,jane49 ,janemai@yahoo.com,08 3382 1362,JohnPhường ,14/01/2025 08:15:12
user_866,Khoa Mai Hoàng,jane67,jbui@gmail.com,+84-31-686389,Thị xã JohnThành phố ,2024-09-21T07:02:00
user_867,An Trần,johndang,john28@yahoo.com,09 1651 7026,JohnQuận ,17/11/2023 18:36:03
user_868,Hà Mai Bảo Trần,maijohn,nguyenjane@yahoo.com,04 6501 5248,Huyện JaneThị xã,01-30-2024 10:46:59
user_869,Quang Nguyễn ,jane55,phamjane@yahoo.com,(03) 0129 8113,JohnXã,2025-06-01T06:35:47
user_870,Ông Tú Lê ,jane42,buijane@gmail.com,+84 72 7065541,JohnThành phố,02-07-2024 14:40:19
user_871,Nhật Đức Phạm,jane45 ,thoang@hotmail.com,(00)582-7202,JohnThành phố,2023-11-28T01:33:03
user_872,Dũng Văn Đặng,nguyenjane,tranjohn@yahoo.com,09 0898526,Thành phố JanePhường,20/11/2023 03:52:43
user_873,Hồng Phạm,john92,dangjohn@gmail.com,05 9355461,JohnThị xã,23/03/2024 14:34:35
user_874,Huy Mai Bảo Đặng,jane93,rle@gmail.com,abcde,JohnPhường,2025-03-10T08:51:32
user_875,Nhật Đặng ,john59,hoangjane@gmail.com,+84 10 4705437,JanePhường,12/02/2025 13:10:17
user_876,Nhiên Hữu Vũ,jane29,jane55@hotmail.com,+84 28 0131663,Huyện JaneThị xã,12/10/2023 02:49:53
user_877,Khoa Hoàng,phamjohn,lejohn@hotmail.com,(01)359-4769,JanePhường ,26/11/2024 11:26:07
user_878,Quý ông Quang Nguyễn,johnnguyen,vujohn@gmail.com,08 7215 7029,JaneXã,11-25-2023 02:06:51
user_879,Nhật Đặng,janepham ,npham@hotmail.com,+84-33-166932,Quận JohnThành phố ,2025-07-05T20:19:12
user_880,Nhật Thế Lê,jane17,bmai@hotmail.com,+84-66-944268,JaneQuận ,2025-05-25T23:27:36
user_881,Anh Trọng Lê ,jane83,janehoang@gmail.com,+84 97 3291131,Huyện JaneThành phố,2023-10-20T11:31:50
user_882,Nhiên Hoàng,janebui,buijohn@yahoo.com,(03) 3486 9448,JaneHuyện,02-07-2024 07:13:31
user_883,Vân Mai ,zmai,johnnguyen@gmail.com,07 6918924,JohnQuận ,19/09/2025 04:14:58
user_884,Dũng Thị Phạm,jane84,jane56@hotmail.com,+84-19-223 2200,Thành phố JanePhường,15/02/2024 19:26:16
user_885,Huy Tấn Bùi,janenguyen ,knguyen@hotmail.com,+84 87 8453947,JaneThành phố,08-29-2025 08:26:46
user_886,Khoa Dương,johnbui ,jane61@gmail.com,+84-34-501587,JohnHuyện ,2025-08-12T21:21:47
user_887,Anh Nam Lê,vnguyen,duongjane@hotmail.com,(01) 9794 7764,Quận JohnXã ,05-31-2024 00:11:49
user_888,Bà An Bùi,janeduong,janeduong@yahoo.com,+84 68 8858328,Thành phố JohnThành phố,2024-11-03T06:29:06
user_889,Anh Dương,johnbui,phamjohn@yahoo.com,07 5368744,JaneQuận ,21/11/2023 07:32:24
user_890,Hồng Dương,rhoang,jane44@hotmail.com,(09) 1369 8355,Thành phố JaneHuyện,15/08/2024 11:56:51
user_891,An Mai Bảo Nguyễn,johndang,hoangjohn@hotmail.com,+84-47-865063,Quận JanePhường,06-11-2024 04:58:52
user_892,Quý cô Nhật Hoàng,jane92,phamjohn@hotmail.com,+84-98-744150,Huyện JaneThành phố,10-26-2023 06:50:25
user_893,Hải Trần,maijane,john51@hotmail.com,(05) 1913 5489,Thành phố JohnPhường,2024-06-15T00:15:50
user_894,Lan Phạm,johnnguyen,janehoang@hotmail.com,+84-05-074 4822,JohnXã ,21/07/2025 08:01:29
user_895,Phương Bảo Hoàng ,john90,janedang@hotmail.com,+84-55-309 7031,Thành phố JohnXã,20/07/2024 01:51:06
user_896,Hạnh Hoàng ,john08,john65@hotmail.com,+84 22 1797512,JohnThành phố ,08-11-2025 04:54:30
user_897,Bảo Phạm,buijane,wle@hotmail.com,(02) 2584 5165,Thành phố JohnThị xã,07-03-2024 00:32:23
user_898,Nam Đức Dương,hoangjane,jane86@hotmail.com,+84 11 2152972,JohnThị xã,05-30-2024 15:45:42
user_899,Quý ông Nam Nguyễn,jane19 ,john95@hotmail.com,+84-33-856544,JaneXã,23/11/2023 00:19:53
user_900,Nhiên Mai,duongjane,lejohn@hotmail.com,00 6876 5777,JohnThị xã,04-11-2025 10:20:21
user_901,An Vũ ,johnnguyen,duongjane@yahoo.com,+84-16-082156,JohnThành phố,06-26-2025 07:15:51
user_902,Chị Hồng Vũ,dpham ,opham@hotmail.com,(03) 7806 3628,Huyện JohnThành phố,2025-02-24T16:04:05
user_903,Bác Quang Hoàng,jane65,john92@gmail.com,(08)747-3940,Thành phố JohnPhường,2023-11-21T20:25:58
user_904,Huy Thị Vũ,janemai ,dangjane@gmail.com,+84-14-251 4992,Quận JohnPhường,2024-01-14T17:42:26
user_905,Khoa Hải Bùi ,janedang,janetran@hotmail.com,(03) 9539 1349,JaneQuận,27/01/2025 10:23:33
user_906,Vũ Mai Bùi,duongjohn,whoang@yahoo.com,+84 40 9707993,Thị xã JaneHuyện,2024-10-03T19:40:12
user_907,Phúc Dương ,johnhoang ,vujane@hotmail.com,(03) 4411 6947,Quận JaneThành phố,11-01-2024 03:50:11
user_908,Hà Phú Dương,lejane,vvu@yahoo.com,+84 41 3490477,JanePhường,2025-09-23T02:59:22
user_909,Chị Hạnh Đặng,phamjohn,john66@hotmail.com,(03) 5526 8807,Thành phố JohnQuận,01-28-2024 16:18:40
user_910,Cô Lâm Nguyễn ,janeduong,maijohn@yahoo.com,+84-66-694793,Thành phố JohnQuận,08-27-2024 05:46:18
user_911,Thảo Phạm,john30,john69@hotmail.com,03 6766170,Quận JohnThị xã,07-17-2025 12:03:51
user_912,Ông Minh Phạm,xbui ,john78@gmail.com,+84 99 5989628,JanePhường,24/07/2024 03:14:16
user_913,Nhật Trần,janetran,jane71@yahoo.com,03 2307196,Thị xã JohnPhường,2024-10-28T20:40:12
user_914,Tùng Hoàng Đặng,john36,tranjohn@hotmail.com,09 7600 6430,Huyện JaneXã ,12-01-2023 08:09:36
user_915,Huy Lê ,qduong ,tranjane@gmail.com,+84-16-908 6958,JaneQuận ,04-22-2025 23:56:43
user_916,Bà Thành Bùi,tranjane,jane30@hotmail.com,04 6692775,Thị xã JaneXã,04-12-2025 15:49:39
user_917,Anh Nam Trần,johnnguyen,janele@hotmail.com,+84-04-954 5345,JohnThành phố,23/10/2023 17:02:55
user_918,Chị Nhật Đặng,jane12,johnvu@yahoo.com,(03) 9963 9935,,20/03/2024 09:40:39
user_919,Hải Xuân Vũ,jane79,jane99@hotmail.com,(02)380-5875,Huyện JaneXã,18/08/2025 05:35:44
user_920,Bảo Hoàng,janedang,lejane@gmail.com,02 3616 0714,Huyện JanePhường ,07-19-2024 12:23:50
user_921,Ánh Bùi,janeduong ,dangjane@gmail.com,+84-02-411 0853,JaneThành phố,30/08/2024 00:10:43
user_922,Bảo Phú Đặng,bduong,thoang@gmail.com,02 5567200,Huyện JaneThị xã,09-01-2024 00:21:17
user_923,Cô Bảo Dương,mduong ,jane70@yahoo.com,(08) 9473 1253,Huyện JaneThành phố,23/01/2024 01:04:56
user_924,Hà Phạm,johnbui,janevu@hotmail.com,09 0609471,Thị xã JaneXã,27/05/2025 17:27:47
user_925,Chị Hải Mai,lejane,lejohn@gmail.com,(03)132-6655,JaneQuận ,08-28-2025 06:37:38
user_926,Quang Nguyễn,wmai,obui@hotmail.com,00 3558 0781,JohnQuận,2025-09-16T08:56:01
user_927,An Lê ,ybui,janeduong@gmail.com,(04) 8450 4777,Quận JaneXã,2024-12-01T14:19:17
user_928,Vân Phạm,jane68,janebui@hotmail.com,+84 87 1255308,JohnHuyện ,12-14-2024 03:03:03
user_929,Cô Linh Bùi ,jane50,vhoang@hotmail.com,+84-76-146249,JohnThành phố,2025-03-03T21:03:46
user_930,Nhật Dương ,johnduong ,janenguyen@gmail.com,(00)339-2540,Huyện JaneQuận,26/03/2024 06:32:19
user_931,Phúc Hải Phạm,hoangjohn,hoangjane@hotmail.com,02 0032 4939,Thị xã JanePhường,23/02/2025 05:03:47
user_932,An Bùi,john22 ,jane08@gmail.com,07 0479 1784,Thị xã JaneThành phố,26/01/2025 14:07:49
user_933,Quý ông Nam Vũ,jane96,jane26@hotmail.com,09 2962949,Quận JaneXã,04-21-2024 04:31:58
user_934,Kim Trần,johnhoang,vtran@yahoo.com,+84-34-184478,JohnThành phố ,05/07/2024 09:48:54
user_935,Hà Hải Hoàng,phamjane ,janehoang@yahoo.com,(07) 0569 9520,Huyện JaneQuận ,2024-05-02T08:44:42
user_936,Nhật Vũ ,onguyen ,john26@hotmail.com,04 2046904,JohnQuận,2024-05-04T16:06:53
user_937,Anh Châu Trần ,jane76,ghoang@yahoo.com,(06) 3565 2629,JaneQuận,02-23-2025 07:22:07
user_938,Phúc Vũ,cvu,tranjane@gmail.com,+84 71 9885417,JanePhường,2025-02-23T13:46:10
user_939,Phúc Lê,janemai,phamjane@gmail.com,+84-97-629 2808,JohnThành phố,06/11/2023 00:59:05
user_940,Nhật Phạm,janeduong,stran@yahoo.com,(00) 3811 3896,Quận JaneQuận,21/10/2024 20:03:14
user_941,Bà Yến Mai,ctran,john06@yahoo.com,+84-67-802687,Thị xã JaneThị xã ,08-02-2025 08:44:45
user_942,Ông Nam Nguyễn,janevu,zpham@gmail.com,05 8436970,JaneQuận,11-12-2023 15:00:00
user_943,Cô Nhật Trần,john22 ,dangjohn@hotmail.com,+84 76 5325421,Thành phố JaneHuyện,07-02-2024 22:12:11
user_944,Cô Bảo Trần,jane19,john87@hotmail.com,00 1759277,JohnPhường ,12/11/2024 08:57:10
user_945,Bác Minh Nguyễn,ale,johnbuihotmail.com,09 5890 6879,JohnHuyện,21/05/2024 12:32:39
user_946,Quang Trí Đặng,sdang ,jane95@gmail.com,00 0405 4471,JaneXã,2025-02-01T20:26:16
user_947,An Hoàng,dduong,maijohn@hotmail.com,05 1302427,,11/08/2025 15:38:41
user_948,Châu Thị Nguyễn ,bdang ,john04@yahoo.com,+84 06 1932719,Thị xã JohnQuận,21/05/2025 05:46:28
user_949,Bác Nam Lê,qdang ,jane26@hotmail.com,(00)320-7844,JanePhường,2024-03-14T07:00:13
user_950,Ông Trọng Trần,johnle,janetran@hotmail.com,(08)501-0703,Huyện JaneThị xã ,30/04/2024 22:19:56
user_951,Cô Hà Vũ,ctran,jane38@hotmail.com,(03)901-4821,JohnQuận ,2025-06-19T16:19:03
user_952,Bà Ánh Hoàng,john31 ,ele@yahoo.com,(07)178-0907,JohnThị xã,05/05/2025 14:15:29
user_953,Tùng Phạm ,john77,nguyenjane@gmail.com,+84-27-579 0832,JohnThành phố,05-06-2025 08:46:11
user_954,Trung Đức Đặng,johnmai ,johnvu@gmail.com,+84-52-531 7491,Thị xã JaneThị xã,11-05-2023 21:14:30
user_955,Ông Nhiên Nguyễn ,john15,nguyenjane@hotmail.com,+84-73-516751,JohnPhường,2025-07-02T14:45:47
user_956,Quý cô Kim Nguyễn ,maijohn,tranjane@hotmail.com,(04)788-9193,Thị xã JohnThành phố,04-18-2025 21:22:13
user_957,Chị Nhật Đặng ,janeduong,jane22@hotmail.com,+84-53-392520,Quận JaneThành phố,2024-02-25T12:20:43
user_958,Quý ông Tùng Trần,lejohn,buijane@yahoo.com,+84 28 9144161,Huyện JanePhường,29/09/2025 19:45:36
user_959,Nam Hoàng Lê,dvu ,janepham@gmail.com,(01)157-2529,Thị xã JohnThị xã,2023-11-20T04:48:40
user_960,Thảo Bùi,ahoang ,johnbui@hotmail.com,05 4968 8525,Quận JaneQuận,2025-02-12T04:18:31
user_961,Bác Vũ Lê ,jane32,jane28@gmail.com,(05) 1997 4321,JanePhường,23/02/2025 15:01:57
user_962,Bảo Dương,avu,qvu@yahoo.com,(08) 6945 9467,JohnPhường,2025-08-19T01:56:14
user_963,Quý cô Mai Dương,nguyenjohn,johnduong@yahoo.com,09 6717 1217,Huyện JaneThành phố,2025-04-01T09:53:37
user_964,Kim Lê,john21,john57@hotmail.com,+84 45 7243510,Thị xã JohnHuyện,2025-06-10T23:19:45
user_965,Hưng Trí Lê,jane03 ,johnpham@yahoo.com,+84 98 8026635,Quận JaneThành phố,2023-11-17T15:44:26
user_966,Hạnh Đặng ,vdang,hoangjohn@gmail.com,(09) 9695 3096,JaneQuận,20/12/2024 12:14:33
user_967,Khoa Mai Bảo Dương,nguyenjane,jane19@gmail.com,+84 92 8930670,JohnXã,21/09/2025 07:21:26
user_968,Lan Trần ,john56,phamjane@yahoo.com,+84-64-049420,Thành phố JohnThị xã ,13/05/2024 16:47:27
user_969,Tú Quang Mai,imai,jane79@yahoo.com,01 1652 0911,Thành phố JaneXã,12-02-2023 09:30:07
user_970,Tú Thị Bùi,dhoang,jane80@yahoo.com,(02)969-5004,JohnHuyện ,03-04-2024 18:53:34
user_971,Lan Lê,janepham,duongjane@hotmail.com,00 8739574,JanePhường,11-27-2023 18:07:29
user_972,Bà Nhật Lê ,janenguyen,lnguyen@hotmail.com,+84 06 8808182,Thị xã JohnQuận,2024-04-07T08:02:57
user_973,Anh Anh Mai ,john80 ,johnhoang@gmail.com,+84-14-599 6662,Thành phố JohnXã,10/01/2024 03:18:32
user_974,Bà Xuân Lê,jnguyen,jane05@yahoo.com,08 1867 5171,Quận JaneXã,08-30-2025 08:35:25
user_975,Chị Thành Phạm,johndang,kdang@gmail.com,+84-17-677140,Quận JohnHuyện,20/01/2024 17:05:54
user_976,Bà Hồng Dương,janeduong,janehoang@hotmail.com,(06)044-0973,JohnQuận,09-25-2025 17:00:21
user_977,Cô An Mai ,ddang,janevu@yahoo.com,03 4420 9626,JohnQuận,2025-04-01T14:37:32
user_978,Hải Đức Lê,johnmai ,vujohn@gmail.com,,JohnPhường,28/12/2024 22:35:14
user_979,Quý cô Phương Trần,janehoang,xtran@gmail.com,(06) 8737 0339,Huyện JaneThị xã,01-18-2025 20:34:36
user_980,Linh Dương,janemai,jane76@yahoo.com,+84-09-658 7276,JanePhường,21/08/2024 02:19:23
user_981,Bảo Đặng,johnhoang ,jmai@hotmail.com,+84-90-404 0212,JohnQuận,02/09/2025 11:53:26
user_982,Quý cô Hải Bùi,jmai,ubui@hotmail.com,+84-46-697 9712,Quận JaneQuận,11/04/2025 02:16:20
user_983,Tú Hoàng,johnduong,janetran@yahoo.com,+84 96 1779500,Huyện JohnXã ,14/08/2025 12:04:15
user_984,Ông Trung Bùi,lhoang ,rpham@yahoo.com,05 1378 9091,Quận JohnThành phố,29/12/2023 19:15:23
user_985,Quý ông Nhiên Dương,duongjohn,janepham@hotmail.com,(09) 3268 3513,Thành phố JanePhường,09-17-2024 15:01:19
user_986,Nhiên Tấn Dương,janedang ,jtran@yahoo.com,(06) 7428 6329,Huyện JohnThị xã ,08-29-2025 09:32:38
user_987,Ánh Trần,nguyenjohn,john10@hotmail.com,(09)661-8931,JaneHuyện,2024-02-29T22:34:25
user_988,Thành Bảo Trần,snguyen,hmai@yahoo.com,04 5880 4230,JohnQuận,05/06/2024 02:37:58
user_989,Phương Trí Dương ,janebui,vujane@gmail.com,08 3555 2210,Quận JohnThành phố,06-01-2025 22:10:58
user_990,Hạnh Hữu Mai,jane90,johnpham@gmail.com,07 3705 2521,JaneQuận,2024-04-15T07:50:57
user_991,An Phạm,jane30,john64@yahoo.com,00 4386 1273,JaneThành phố ,07-05-2024 04:31:59
user_992,Duyên Dương,buijane,vujane@gmail.com,02 4670 2837,JohnQuận,09-12-2025 06:44:23
user_993,Hạnh Hoàng Hoàng,tle,john18@yahoo.com,02 8124 2019,JanePhường,2024-03-23T18:05:09
user_994,Vi Vũ,janeduong,opham@gmail.com,09 8743 2136,JaneXã ,01-02-2024 12:49:52
user_995,Quý ông Minh Trần,sdang ,john15@hotmail.com,(05) 9678 1426,JohnThị xã,24/06/2024 00:14:20
user_996,Quý cô Nhật Trần,johntran,zpham@gmail.com,05 6607222,JaneHuyện,2024-01-02T22:17:24
user_997,Vũ Trần,tnguyen,johnhoang@yahoo.com,+84-34-536522,JaneThành phố ,08/07/2025 22:31:23
user_998,Bảo Mai Đặng,johnvu,john99@gmail.com,04 6480 1869,Thị xã JaneQuận ,2023-12-12T13:00:13
user_999,Tú Bùi,buijohn ,dtran@gmail.com,+84 82 5884014,Thị xã JaneQuận,2025-05-26T22:07:13
user_1000,Quý cô Yến Bùi,ppham ,john66@yahoo.com,00 8298032,Quận JohnThị xã,07-17-2025 19:28:56
user_300,Bà Duyên Vũ ,ntran ,vujohn@hotmail.com,(06)236-6953,JaneThị xã,2025-06-01T14:06:37
user_634,Chị Hương Trần,nguyenjohn,maijohn@yahoo.com,+84-03-538 5629,Quận JaneThị xã,06-27-2024 11:17:26
user_31,Hạnh Trí Bùi,lejane,john73@gmail.com,+84 99 7277188,JohnHuyện,01-25-2024 09:05:53
user_176,Ông Hưng Nguyễn,johndang,mdang@yahoo.com,+84-46-410 3412,Quận JaneThị xã,05/07/2025 19:51:31
user_442,Quý cô Vân Đặng,johnle,mpham@gmail.com,(09)836-4866,JohnHuyện,01/01/2025 11:45:39
